id,name,group,suggested_departments,suggested_sections,Job Purpose,Job Responsibility,Authority,Accountability,Daily Duties,Weekly Duties,Monthly Duties,Quarterly Duties,Half-Yearly Duties,Annual Duties,Required Competency,Required Training,Applicable ISO Requirements,Applicable SOP/WI,Designation Checklist,KPI,Target,Evidence/Record,Performance Evaluation,Supervisor/Reporting Line
1,Managing Director,Executive & Corporate,Corporate & Strategic Management,Corporate Governance; Management Review,,,,,,,,,,,,,,,,,,,,
2,Director,Executive & Corporate,Corporate & Strategic Management,Corporate Governance; Management Review,,,,,,,,,,,,,,,,,,,,
3,Executive Director,Executive & Corporate,Corporate & Strategic Management,Corporate Governance; Management Review,,,,,,,,,,,,,,,,,,,,
4,Chief Executive Officer,Executive & Corporate,Corporate & Strategic Management,Corporate Governance; Management Review,,,,,,,,,,,,,,,,,,,,
5,Chief Operating Officer,Executive & Corporate,Corporate & Strategic Management,Corporate Governance; Management Review,,,,,,,,,,,,,,,,,,,,
6,Chief Financial Officer,Executive & Corporate,Corporate & Strategic Management,Corporate Governance; Management Review,,,,,,,,,,,,,,,,,,,,
7,Chief Human Resources Officer,Executive & Corporate,Corporate & Strategic Management,Corporate Governance; Management Review,,,,,,,,,,,,,,,,,,,,
8,Chief Compliance Officer,Executive & Corporate,Corporate & Strategic Management,Corporate Governance; Management Review,,,,,,,,,,,,,,,,,,,,
9,General Manager,Executive & Corporate,Corporate & Strategic Management,Corporate Governance; Management Review,,,,,,,,,,,,,,,,,,,,
10,Senior General Manager,Executive & Corporate,Corporate & Strategic Management,Corporate Governance; Management Review,,,,,,,,,,,,,,,,,,,,
11,Deputy General Manager,Executive & Corporate,Corporate & Strategic Management,Corporate Governance; Management Review,,,,,,,,,,,,,,,,,,,,
12,Assistant General Manager,Executive & Corporate,Corporate & Strategic Management,Corporate Governance; Management Review,,,,,,,,,,,,,,,,,,,,
13,Factory Manager,Executive & Corporate,Corporate & Strategic Management,Corporate Governance; Management Review,,,,,,,,,,,,,,,,,,,,
14,Deputy Factory Manager,Executive & Corporate,Corporate & Strategic Management,Corporate Governance; Management Review,,,,,,,,,,,,,,,,,,,,
15,Assistant Factory Manager,Executive & Corporate,Corporate & Strategic Management,Corporate Governance; Management Review,,,,,,,,,,,,,,,,,,,,
16,Manager,Management & Officers,Corporate & Strategic Management; System Administration,System,,,,,,,,,,,,,,,,,,,,
17,Senior Manager,Management & Officers,Corporate & Strategic Management; System Administration,System,,,,,,,,,,,,,,,,,,,,
18,Assistant Manager,Management & Officers,Corporate & Strategic Management; System Administration,System,,,,,,,,,,,,,,,,,,,,
19,Deputy Manager,Management & Officers,Corporate & Strategic Management; System Administration,System,,,,,,,,,,,,,,,,,,,,
20,Senior Officer,Management & Officers,Corporate & Strategic Management; System Administration,System,,,,,,,,,,,,,,,,,,,,
21,Officer,Management & Officers,Corporate & Strategic Management; System Administration,System,,,,,,,,,,,,,,,,,,,,
22,Junior Officer,Management & Officers,Corporate & Strategic Management; System Administration,System,,,,,,,,,,,,,,,,,,,,
23,Senior Executive,Management & Officers,Corporate & Strategic Management; System Administration,System,,,,,,,,,,,,,,,,,,,,
24,Executive,Management & Officers,Corporate & Strategic Management; System Administration,System,,,,,,,,,,,,,,,,,,,,
25,Junior Executive,Management & Officers,Corporate & Strategic Management; System Administration,System,,,,,,,,,,,,,,,,,,,,
26,Coordinator,Management & Officers,Corporate & Strategic Management; System Administration,System,,,,,,,,,,,,,,,,,,,,
27,Senior Coordinator,Management & Officers,Corporate & Strategic Management; System Administration,System,,,,,,,,,,,,,,,,,,,,
28,Supervisor,Management & Officers,Corporate & Strategic Management; System Administration,System,,,,,,,,,,,,,,,,,,,,
29,Senior Supervisor,Management & Officers,Corporate & Strategic Management; System Administration,System,,,,,,,,,,,,,,,,,,,,
30,Assistant Supervisor,Management & Officers,Corporate & Strategic Management; System Administration,System,,,,,,,,,,,,,,,,,,,,
31,HR Head,HR / Admin / Welfare / Compliance,HRM – Full Human Resource Management; Welfare Management; Compliance Management; Administration Management,Recruitment; Personnel; Employee Relations; Welfare; Grievance; Administration; Compliance; Labour Law,,,,,,,,,,,,,,,,,,,,
32,HR Manager,HR / Admin / Welfare / Compliance,HRM – Full Human Resource Management; Welfare Management; Compliance Management; Administration Management,Recruitment; Personnel; Employee Relations; Welfare; Grievance; Administration; Compliance; Labour Law,,,,,,,,,,,,,,,,,,,,
33,Senior HR Officer,HR / Admin / Welfare / Compliance,HRM – Full Human Resource Management; Welfare Management; Compliance Management; Administration Management,Recruitment; Personnel; Employee Relations; Welfare; Grievance; Administration; Compliance; Labour Law,,,,,,,,,,,,,,,,,,,,
34,HR Officer,HR / Admin / Welfare / Compliance,HRM – Full Human Resource Management; Welfare Management; Compliance Management; Administration Management,Recruitment; Personnel; Employee Relations; Welfare; Grievance; Administration; Compliance; Labour Law,,,,,,,,,,,,,,,,,,,,
35,Junior HR Officer,HR / Admin / Welfare / Compliance,HRM – Full Human Resource Management; Welfare Management; Compliance Management; Administration Management,Recruitment; Personnel; Employee Relations; Welfare; Grievance; Administration; Compliance; Labour Law,,,,,,,,,,,,,,,,,,,,
36,HR Executive,HR / Admin / Welfare / Compliance,HRM – Full Human Resource Management; Welfare Management; Compliance Management; Administration Management,Recruitment; Personnel; Employee Relations; Welfare; Grievance; Administration; Compliance; Labour Law,,,,,,,,,,,,,,,,,,,,
37,Senior HR Executive,HR / Admin / Welfare / Compliance,HRM – Full Human Resource Management; Welfare Management; Compliance Management; Administration Management,Recruitment; Personnel; Employee Relations; Welfare; Grievance; Administration; Compliance; Labour Law,,,,,,,,,,,,,,,,,,,,
38,Personnel Manager,HR / Admin / Welfare / Compliance,HRM – Full Human Resource Management; Welfare Management; Compliance Management; Administration Management,Recruitment; Personnel; Employee Relations; Welfare; Grievance; Administration; Compliance; Labour Law,,,,,,,,,,,,,,,,,,,,
39,Personnel Officer,HR / Admin / Welfare / Compliance,HRM – Full Human Resource Management; Welfare Management; Compliance Management; Administration Management,Recruitment; Personnel; Employee Relations; Welfare; Grievance; Administration; Compliance; Labour Law,,,,,,,,,,,,,,,,,,,,
40,Personnel Executive,HR / Admin / Welfare / Compliance,HRM – Full Human Resource Management; Welfare Management; Compliance Management; Administration Management,Recruitment; Personnel; Employee Relations; Welfare; Grievance; Administration; Compliance; Labour Law,,,,,,,,,,,,,,,,,,,,
41,Recruitment Officer,HR / Admin / Welfare / Compliance,HRM – Full Human Resource Management; Welfare Management; Compliance Management; Administration Management,Recruitment; Personnel; Employee Relations; Welfare; Grievance; Administration; Compliance; Labour Law,,,,,,,,,,,,,,,,,,,,
42,Recruitment Executive,HR / Admin / Welfare / Compliance,HRM – Full Human Resource Management; Welfare Management; Compliance Management; Administration Management,Recruitment; Personnel; Employee Relations; Welfare; Grievance; Administration; Compliance; Labour Law,,,,,,,,,,,,,,,,,,,,
43,Manpower Planning Officer,HR / Admin / Welfare / Compliance,HRM – Full Human Resource Management; Welfare Management; Compliance Management; Administration Management,Recruitment; Personnel; Employee Relations; Welfare; Grievance; Administration; Compliance; Labour Law,,,,,,,,,,,,,,,,,,,,
44,Employee Relations Officer,HR / Admin / Welfare / Compliance,HRM – Full Human Resource Management; Welfare Management; Compliance Management; Administration Management,Recruitment; Personnel; Employee Relations; Welfare; Grievance; Administration; Compliance; Labour Law,,,,,,,,,,,,,,,,,,,,
45,Welfare Manager,HR / Admin / Welfare / Compliance,HRM – Full Human Resource Management; Welfare Management; Compliance Management; Administration Management,Recruitment; Personnel; Employee Relations; Welfare; Grievance; Administration; Compliance; Labour Law,,,,,,,,,,,,,,,,,,,,
46,Welfare Officer,HR / Admin / Welfare / Compliance,HRM – Full Human Resource Management; Welfare Management; Compliance Management; Administration Management,Recruitment; Personnel; Employee Relations; Welfare; Grievance; Administration; Compliance; Labour Law,,,,,,,,,,,,,,,,,,,,
47,Senior Welfare Officer,HR / Admin / Welfare / Compliance,HRM – Full Human Resource Management; Welfare Management; Compliance Management; Administration Management,Recruitment; Personnel; Employee Relations; Welfare; Grievance; Administration; Compliance; Labour Law,,,,,,,,,,,,,,,,,,,,
48,Welfare Assistant,HR / Admin / Welfare / Compliance,HRM – Full Human Resource Management; Welfare Management; Compliance Management; Administration Management,Recruitment; Personnel; Employee Relations; Welfare; Grievance; Administration; Compliance; Labour Law,,,,,,,,,,,,,,,,,,,,
49,Grievance Officer,HR / Admin / Welfare / Compliance,HRM – Full Human Resource Management; Welfare Management; Compliance Management; Administration Management,Recruitment; Personnel; Employee Relations; Welfare; Grievance; Administration; Compliance; Labour Law,,,,,,,,,,,,,,,,,,,,
50,Compliance Manager,HR / Admin / Welfare / Compliance,HRM – Full Human Resource Management; Welfare Management; Compliance Management; Administration Management,Recruitment; Personnel; Employee Relations; Welfare; Grievance; Administration; Compliance; Labour Law,,,,,,,,,,,,,,,,,,,,
51,Senior Compliance Officer,HR / Admin / Welfare / Compliance,HRM – Full Human Resource Management; Welfare Management; Compliance Management; Administration Management,Recruitment; Personnel; Employee Relations; Welfare; Grievance; Administration; Compliance; Labour Law,,,,,,,,,,,,,,,,,,,,
52,Compliance Officer,HR / Admin / Welfare / Compliance,HRM – Full Human Resource Management; Welfare Management; Compliance Management; Administration Management,Recruitment; Personnel; Employee Relations; Welfare; Grievance; Administration; Compliance; Labour Law,,,,,,,,,,,,,,,,,,,,
53,Compliance Executive,HR / Admin / Welfare / Compliance,HRM – Full Human Resource Management; Welfare Management; Compliance Management; Administration Management,Recruitment; Personnel; Employee Relations; Welfare; Grievance; Administration; Compliance; Labour Law,,,,,,,,,,,,,,,,,,,,
54,Labour Law Officer,HR / Admin / Welfare / Compliance,HRM – Full Human Resource Management; Welfare Management; Compliance Management; Administration Management,Recruitment; Personnel; Employee Relations; Welfare; Grievance; Administration; Compliance; Labour Law,,,,,,,,,,,,,,,,,,,,
55,Legal Officer,HR / Admin / Welfare / Compliance,HRM – Full Human Resource Management; Welfare Management; Compliance Management; Administration Management,Recruitment; Personnel; Employee Relations; Welfare; Grievance; Administration; Compliance; Labour Law,,,,,,,,,,,,,,,,,,,,
56,Childcare Supervisor,HR / Admin / Welfare / Compliance,HRM – Full Human Resource Management; Welfare Management; Compliance Management; Administration Management,Recruitment; Personnel; Employee Relations; Welfare; Grievance; Administration; Compliance; Labour Law,,,,,,,,,,,,,,,,,,,,
57,Childcare Assistant,HR / Admin / Welfare / Compliance,HRM – Full Human Resource Management; Welfare Management; Compliance Management; Administration Management,Recruitment; Personnel; Employee Relations; Welfare; Grievance; Administration; Compliance; Labour Law,,,,,,,,,,,,,,,,,,,,
58,Admin Manager,HR / Admin / Welfare / Compliance,HRM – Full Human Resource Management; Welfare Management; Compliance Management; Administration Management,Recruitment; Personnel; Employee Relations; Welfare; Grievance; Administration; Compliance; Labour Law,,,,,,,,,,,,,,,,,,,,
59,Admin Officer,HR / Admin / Welfare / Compliance,HRM – Full Human Resource Management; Welfare Management; Compliance Management; Administration Management,Recruitment; Personnel; Employee Relations; Welfare; Grievance; Administration; Compliance; Labour Law,,,,,,,,,,,,,,,,,,,,
60,Admin Executive,HR / Admin / Welfare / Compliance,HRM – Full Human Resource Management; Welfare Management; Compliance Management; Administration Management,Recruitment; Personnel; Employee Relations; Welfare; Grievance; Administration; Compliance; Labour Law,,,,,,,,,,,,,,,,,,,,
61,Receptionist,HR / Admin / Welfare / Compliance,HRM – Full Human Resource Management; Welfare Management; Compliance Management; Administration Management,Recruitment; Personnel; Employee Relations; Welfare; Grievance; Administration; Compliance; Labour Law,,,,,,,,,,,,,,,,,,,,
62,Telephone Operator,HR / Admin / Welfare / Compliance,HRM – Full Human Resource Management; Welfare Management; Compliance Management; Administration Management,Recruitment; Personnel; Employee Relations; Welfare; Grievance; Administration; Compliance; Labour Law,,,,,,,,,,,,,,,,,,,,
63,Messenger,HR / Admin / Welfare / Compliance,HRM – Full Human Resource Management; Welfare Management; Compliance Management; Administration Management,Recruitment; Personnel; Employee Relations; Welfare; Grievance; Administration; Compliance; Labour Law,,,,,,,,,,,,,,,,,,,,
64,Peon,HR / Admin / Welfare / Compliance,HRM – Full Human Resource Management; Welfare Management; Compliance Management; Administration Management,Recruitment; Personnel; Employee Relations; Welfare; Grievance; Administration; Compliance; Labour Law,,,,,,,,,,,,,,,,,,,,
65,Office Assistant,HR / Admin / Welfare / Compliance,HRM – Full Human Resource Management; Welfare Management; Compliance Management; Administration Management,Recruitment; Personnel; Employee Relations; Welfare; Grievance; Administration; Compliance; Labour Law,,,,,,,,,,,,,,,,,,,,
66,Training Manager,Training & Performance,Training & Competency Management; KPI & Performance Management – All Employees,Training & Competency; Performance Management,,,,,,,,,,,,,,,,,,,,
67,Training Coordinator,Training & Performance,Training & Competency Management; KPI & Performance Management – All Employees,Training & Competency; Performance Management,,,,,,,,,,,,,,,,,,,,
68,Training Officer,Training & Performance,Training & Competency Management; KPI & Performance Management – All Employees,Training & Competency; Performance Management,,,,,,,,,,,,,,,,,,,,
69,Training Executive,Training & Performance,Training & Competency Management; KPI & Performance Management – All Employees,Training & Competency; Performance Management,,,,,,,,,,,,,,,,,,,,
70,Senior Trainer,Training & Performance,Training & Competency Management; KPI & Performance Management – All Employees,Training & Competency; Performance Management,,,,,,,,,,,,,,,,,,,,
71,Trainer,Training & Performance,Training & Competency Management; KPI & Performance Management – All Employees,Training & Competency; Performance Management,,,,,,,,,,,,,,,,,,,,
72,Technical Trainer,Training & Performance,Training & Competency Management; KPI & Performance Management – All Employees,Training & Competency; Performance Management,,,,,,,,,,,,,,,,,,,,
73,Sewing Trainer,Training & Performance,Training & Competency Management; KPI & Performance Management – All Employees,Training & Competency; Performance Management,,,,,,,,,,,,,,,,,,,,
74,Quality Trainer,Training & Performance,Training & Competency Management; KPI & Performance Management – All Employees,Training & Competency; Performance Management,,,,,,,,,,,,,,,,,,,,
75,Safety Trainer,Training & Performance,Training & Competency Management; KPI & Performance Management – All Employees,Training & Competency; Performance Management,,,,,,,,,,,,,,,,,,,,
76,Compliance Trainer,Training & Performance,Training & Competency Management; KPI & Performance Management – All Employees,Training & Competency; Performance Management,,,,,,,,,,,,,,,,,,,,
77,Competency Assessor,Training & Performance,Training & Competency Management; KPI & Performance Management – All Employees,Training & Competency; Performance Management,,,,,,,,,,,,,,,,,,,,
78,Performance Management Officer,Training & Performance,Training & Competency Management; KPI & Performance Management – All Employees,Training & Competency; Performance Management,,,,,,,,,,,,,,,,,,,,
79,KPI Officer,Training & Performance,Training & Competency Management; KPI & Performance Management – All Employees,Training & Competency; Performance Management,,,,,,,,,,,,,,,,,,,,
80,Marketing Director,Marketing & Merchandising,Buyer & Trading House Management; Marketing & Merchandising,Marketing; Buyer & Trading House; Merchandising; Costing; Order Management; T&A Management,,,,,,,,,,,,,,,,,,,,
81,Marketing Manager,Marketing & Merchandising,Buyer & Trading House Management; Marketing & Merchandising,Marketing; Buyer & Trading House; Merchandising; Costing; Order Management; T&A Management,,,,,,,,,,,,,,,,,,,,
82,Senior Marketing Manager,Marketing & Merchandising,Buyer & Trading House Management; Marketing & Merchandising,Marketing; Buyer & Trading House; Merchandising; Costing; Order Management; T&A Management,,,,,,,,,,,,,,,,,,,,
83,Marketing Officer,Marketing & Merchandising,Buyer & Trading House Management; Marketing & Merchandising,Marketing; Buyer & Trading House; Merchandising; Costing; Order Management; T&A Management,,,,,,,,,,,,,,,,,,,,
84,Marketing Executive,Marketing & Merchandising,Buyer & Trading House Management; Marketing & Merchandising,Marketing; Buyer & Trading House; Merchandising; Costing; Order Management; T&A Management,,,,,,,,,,,,,,,,,,,,
85,Business Development Manager,Marketing & Merchandising,Buyer & Trading House Management; Marketing & Merchandising,Marketing; Buyer & Trading House; Merchandising; Costing; Order Management; T&A Management,,,,,,,,,,,,,,,,,,,,
86,Business Development Officer,Marketing & Merchandising,Buyer & Trading House Management; Marketing & Merchandising,Marketing; Buyer & Trading House; Merchandising; Costing; Order Management; T&A Management,,,,,,,,,,,,,,,,,,,,
87,Buyer Coordinator,Marketing & Merchandising,Buyer & Trading House Management; Marketing & Merchandising,Marketing; Buyer & Trading House; Merchandising; Costing; Order Management; T&A Management,,,,,,,,,,,,,,,,,,,,
88,Trading House Coordinator,Marketing & Merchandising,Buyer & Trading House Management; Marketing & Merchandising,Marketing; Buyer & Trading House; Merchandising; Costing; Order Management; T&A Management,,,,,,,,,,,,,,,,,,,,
89,Buyer Communication Officer,Marketing & Merchandising,Buyer & Trading House Management; Marketing & Merchandising,Marketing; Buyer & Trading House; Merchandising; Costing; Order Management; T&A Management,,,,,,,,,,,,,,,,,,,,
90,Merchandising Manager,Marketing & Merchandising,Buyer & Trading House Management; Marketing & Merchandising,Marketing; Buyer & Trading House; Merchandising; Costing; Order Management; T&A Management,,,,,,,,,,,,,,,,,,,,
91,Senior Merchandiser,Marketing & Merchandising,Buyer & Trading House Management; Marketing & Merchandising,Marketing; Buyer & Trading House; Merchandising; Costing; Order Management; T&A Management,,,,,,,,,,,,,,,,,,,,
92,Merchandiser,Marketing & Merchandising,Buyer & Trading House Management; Marketing & Merchandising,Marketing; Buyer & Trading House; Merchandising; Costing; Order Management; T&A Management,,,,,,,,,,,,,,,,,,,,
93,Junior Merchandiser,Marketing & Merchandising,Buyer & Trading House Management; Marketing & Merchandising,Marketing; Buyer & Trading House; Merchandising; Costing; Order Management; T&A Management,,,,,,,,,,,,,,,,,,,,
94,Trainee Merchandiser,Marketing & Merchandising,Buyer & Trading House Management; Marketing & Merchandising,Marketing; Buyer & Trading House; Merchandising; Costing; Order Management; T&A Management,,,,,,,,,,,,,,,,,,,,
95,Assistant Merchandiser,Marketing & Merchandising,Buyer & Trading House Management; Marketing & Merchandising,Marketing; Buyer & Trading House; Merchandising; Costing; Order Management; T&A Management,,,,,,,,,,,,,,,,,,,,
96,Production Merchandiser,Marketing & Merchandising,Buyer & Trading House Management; Marketing & Merchandising,Marketing; Buyer & Trading House; Merchandising; Costing; Order Management; T&A Management,,,,,,,,,,,,,,,,,,,,
97,Sample Merchandiser,Marketing & Merchandising,Buyer & Trading House Management; Marketing & Merchandising,Marketing; Buyer & Trading House; Merchandising; Costing; Order Management; T&A Management,,,,,,,,,,,,,,,,,,,,
98,Merchandising Coordinator,Marketing & Merchandising,Buyer & Trading House Management; Marketing & Merchandising,Marketing; Buyer & Trading House; Merchandising; Costing; Order Management; T&A Management,,,,,,,,,,,,,,,,,,,,
99,Costing Officer,Marketing & Merchandising,Buyer & Trading House Management; Marketing & Merchandising,Marketing; Buyer & Trading House; Merchandising; Costing; Order Management; T&A Management,,,,,,,,,,,,,,,,,,,,
100,Costing Executive,Marketing & Merchandising,Buyer & Trading House Management; Marketing & Merchandising,Marketing; Buyer & Trading House; Merchandising; Costing; Order Management; T&A Management,,,,,,,,,,,,,,,,,,,,
101,Order Coordinator,Marketing & Merchandising,Buyer & Trading House Management; Marketing & Merchandising,Marketing; Buyer & Trading House; Merchandising; Costing; Order Management; T&A Management,,,,,,,,,,,,,,,,,,,,
102,T&A Coordinator,Marketing & Merchandising,Buyer & Trading House Management; Marketing & Merchandising,Marketing; Buyer & Trading House; Merchandising; Costing; Order Management; T&A Management,,,,,,,,,,,,,,,,,,,,
103,Planning Manager,Planning & IE,Planning Management; IE Management,Planning; Capacity Planning; Production Planning; Line Loading; IE; SMV; Work Study; Line Balancing; Productivity,,,,,,,,,,,,,,,,,,,,
104,Senior Planning Officer,Planning & IE,Planning Management; IE Management,Planning; Capacity Planning; Production Planning; Line Loading; IE; SMV; Work Study; Line Balancing; Productivity,,,,,,,,,,,,,,,,,,,,
105,Planning Officer,Planning & IE,Planning Management; IE Management,Planning; Capacity Planning; Production Planning; Line Loading; IE; SMV; Work Study; Line Balancing; Productivity,,,,,,,,,,,,,,,,,,,,
106,Junior Planning Officer,Planning & IE,Planning Management; IE Management,Planning; Capacity Planning; Production Planning; Line Loading; IE; SMV; Work Study; Line Balancing; Productivity,,,,,,,,,,,,,,,,,,,,
107,Planning Executive,Planning & IE,Planning Management; IE Management,Planning; Capacity Planning; Production Planning; Line Loading; IE; SMV; Work Study; Line Balancing; Productivity,,,,,,,,,,,,,,,,,,,,
108,Production Planner,Planning & IE,Planning Management; IE Management,Planning; Capacity Planning; Production Planning; Line Loading; IE; SMV; Work Study; Line Balancing; Productivity,,,,,,,,,,,,,,,,,,,,
109,PPC Manager,Planning & IE,Planning Management; IE Management,Planning; Capacity Planning; Production Planning; Line Loading; IE; SMV; Work Study; Line Balancing; Productivity,,,,,,,,,,,,,,,,,,,,
110,PPC Officer,Planning & IE,Planning Management; IE Management,Planning; Capacity Planning; Production Planning; Line Loading; IE; SMV; Work Study; Line Balancing; Productivity,,,,,,,,,,,,,,,,,,,,
111,PPC Executive,Planning & IE,Planning Management; IE Management,Planning; Capacity Planning; Production Planning; Line Loading; IE; SMV; Work Study; Line Balancing; Productivity,,,,,,,,,,,,,,,,,,,,
112,Capacity Planner,Planning & IE,Planning Management; IE Management,Planning; Capacity Planning; Production Planning; Line Loading; IE; SMV; Work Study; Line Balancing; Productivity,,,,,,,,,,,,,,,,,,,,
113,Capacity Planning Officer,Planning & IE,Planning Management; IE Management,Planning; Capacity Planning; Production Planning; Line Loading; IE; SMV; Work Study; Line Balancing; Productivity,,,,,,,,,,,,,,,,,,,,
114,Line Loading Officer,Planning & IE,Planning Management; IE Management,Planning; Capacity Planning; Production Planning; Line Loading; IE; SMV; Work Study; Line Balancing; Productivity,,,,,,,,,,,,,,,,,,,,
115,Re-plan Officer,Planning & IE,Planning Management; IE Management,Planning; Capacity Planning; Production Planning; Line Loading; IE; SMV; Work Study; Line Balancing; Productivity,,,,,,,,,,,,,,,,,,,,
116,IE Manager,Planning & IE,Planning Management; IE Management,Planning; Capacity Planning; Production Planning; Line Loading; IE; SMV; Work Study; Line Balancing; Productivity,,,,,,,,,,,,,,,,,,,,
117,Senior IE Officer,Planning & IE,Planning Management; IE Management,Planning; Capacity Planning; Production Planning; Line Loading; IE; SMV; Work Study; Line Balancing; Productivity,,,,,,,,,,,,,,,,,,,,
118,IE Officer,Planning & IE,Planning Management; IE Management,Planning; Capacity Planning; Production Planning; Line Loading; IE; SMV; Work Study; Line Balancing; Productivity,,,,,,,,,,,,,,,,,,,,
119,Junior IE Officer,Planning & IE,Planning Management; IE Management,Planning; Capacity Planning; Production Planning; Line Loading; IE; SMV; Work Study; Line Balancing; Productivity,,,,,,,,,,,,,,,,,,,,
120,IE Executive,Planning & IE,Planning Management; IE Management,Planning; Capacity Planning; Production Planning; Line Loading; IE; SMV; Work Study; Line Balancing; Productivity,,,,,,,,,,,,,,,,,,,,
121,Industrial Engineer,Planning & IE,Planning Management; IE Management,Planning; Capacity Planning; Production Planning; Line Loading; IE; SMV; Work Study; Line Balancing; Productivity,,,,,,,,,,,,,,,,,,,,
122,Senior Industrial Engineer,Planning & IE,Planning Management; IE Management,Planning; Capacity Planning; Production Planning; Line Loading; IE; SMV; Work Study; Line Balancing; Productivity,,,,,,,,,,,,,,,,,,,,
123,Method Engineer,Planning & IE,Planning Management; IE Management,Planning; Capacity Planning; Production Planning; Line Loading; IE; SMV; Work Study; Line Balancing; Productivity,,,,,,,,,,,,,,,,,,,,
124,Work Study Officer,Planning & IE,Planning Management; IE Management,Planning; Capacity Planning; Production Planning; Line Loading; IE; SMV; Work Study; Line Balancing; Productivity,,,,,,,,,,,,,,,,,,,,
125,Line Balancing Engineer,Planning & IE,Planning Management; IE Management,Planning; Capacity Planning; Production Planning; Line Loading; IE; SMV; Work Study; Line Balancing; Productivity,,,,,,,,,,,,,,,,,,,,
126,Productivity Officer,Planning & IE,Planning Management; IE Management,Planning; Capacity Planning; Production Planning; Line Loading; IE; SMV; Work Study; Line Balancing; Productivity,,,,,,,,,,,,,,,,,,,,
127,SMV Analyst,Planning & IE,Planning Management; IE Management,Planning; Capacity Planning; Production Planning; Line Loading; IE; SMV; Work Study; Line Balancing; Productivity,,,,,,,,,,,,,,,,,,,,
128,Efficiency Analyst,Planning & IE,Planning Management; IE Management,Planning; Capacity Planning; Production Planning; Line Loading; IE; SMV; Work Study; Line Balancing; Productivity,,,,,,,,,,,,,,,,,,,,
129,Performance Analyst,Planning & IE,Planning Management; IE Management,Planning; Capacity Planning; Production Planning; Line Loading; IE; SMV; Work Study; Line Balancing; Productivity,,,,,,,,,,,,,,,,,,,,
130,Product Development Manager,CAD / Product / Sample,Fabric Management,CAD; Pattern; Grading; Marker; Sample; Sample Approval; Product Development; Tech Pack; Design,,,,,,,,,,,,,,,,,,,,
131,Product Development Officer,CAD / Product / Sample,Fabric Management,CAD; Pattern; Grading; Marker; Sample; Sample Approval; Product Development; Tech Pack; Design,,,,,,,,,,,,,,,,,,,,
132,Product Engineer,CAD / Product / Sample,Fabric Management,CAD; Pattern; Grading; Marker; Sample; Sample Approval; Product Development; Tech Pack; Design,,,,,,,,,,,,,,,,,,,,
133,Fashion Designer,CAD / Product / Sample,Fabric Management,CAD; Pattern; Grading; Marker; Sample; Sample Approval; Product Development; Tech Pack; Design,,,,,,,,,,,,,,,,,,,,
134,Design Coordinator,CAD / Product / Sample,Fabric Management,CAD; Pattern; Grading; Marker; Sample; Sample Approval; Product Development; Tech Pack; Design,,,,,,,,,,,,,,,,,,,,
135,Tech Pack Coordinator,CAD / Product / Sample,Fabric Management,CAD; Pattern; Grading; Marker; Sample; Sample Approval; Product Development; Tech Pack; Design,,,,,,,,,,,,,,,,,,,,
136,CAD Manager,CAD / Product / Sample,Fabric Management,CAD; Pattern; Grading; Marker; Sample; Sample Approval; Product Development; Tech Pack; Design,,,,,,,,,,,,,,,,,,,,
137,CAD Supervisor,CAD / Product / Sample,Fabric Management,CAD; Pattern; Grading; Marker; Sample; Sample Approval; Product Development; Tech Pack; Design,,,,,,,,,,,,,,,,,,,,
138,CAD Operator,CAD / Product / Sample,Fabric Management,CAD; Pattern; Grading; Marker; Sample; Sample Approval; Product Development; Tech Pack; Design,,,,,,,,,,,,,,,,,,,,
139,Senior CAD Operator,CAD / Product / Sample,Fabric Management,CAD; Pattern; Grading; Marker; Sample; Sample Approval; Product Development; Tech Pack; Design,,,,,,,,,,,,,,,,,,,,
140,Junior CAD Operator,CAD / Product / Sample,Fabric Management,CAD; Pattern; Grading; Marker; Sample; Sample Approval; Product Development; Tech Pack; Design,,,,,,,,,,,,,,,,,,,,
141,Pattern Master,CAD / Product / Sample,Fabric Management,CAD; Pattern; Grading; Marker; Sample; Sample Approval; Product Development; Tech Pack; Design,,,,,,,,,,,,,,,,,,,,
142,Pattern Maker,CAD / Product / Sample,Fabric Management,CAD; Pattern; Grading; Marker; Sample; Sample Approval; Product Development; Tech Pack; Design,,,,,,,,,,,,,,,,,,,,
143,Senior Pattern Maker,CAD / Product / Sample,Fabric Management,CAD; Pattern; Grading; Marker; Sample; Sample Approval; Product Development; Tech Pack; Design,,,,,,,,,,,,,,,,,,,,
144,Assistant Pattern Maker,CAD / Product / Sample,Fabric Management,CAD; Pattern; Grading; Marker; Sample; Sample Approval; Product Development; Tech Pack; Design,,,,,,,,,,,,,,,,,,,,
145,Grading Operator,CAD / Product / Sample,Fabric Management,CAD; Pattern; Grading; Marker; Sample; Sample Approval; Product Development; Tech Pack; Design,,,,,,,,,,,,,,,,,,,,
146,Marker Planner,CAD / Product / Sample,Fabric Management,CAD; Pattern; Grading; Marker; Sample; Sample Approval; Product Development; Tech Pack; Design,,,,,,,,,,,,,,,,,,,,
147,Marker Man,CAD / Product / Sample,Fabric Management,CAD; Pattern; Grading; Marker; Sample; Sample Approval; Product Development; Tech Pack; Design,,,,,,,,,,,,,,,,,,,,
148,Sample Manager,CAD / Product / Sample,Fabric Management,CAD; Pattern; Grading; Marker; Sample; Sample Approval; Product Development; Tech Pack; Design,,,,,,,,,,,,,,,,,,,,
149,Sample In-charge,CAD / Product / Sample,Fabric Management,CAD; Pattern; Grading; Marker; Sample; Sample Approval; Product Development; Tech Pack; Design,,,,,,,,,,,,,,,,,,,,
150,Sample Supervisor,CAD / Product / Sample,Fabric Management,CAD; Pattern; Grading; Marker; Sample; Sample Approval; Product Development; Tech Pack; Design,,,,,,,,,,,,,,,,,,,,
151,Senior Sample Man,CAD / Product / Sample,Fabric Management,CAD; Pattern; Grading; Marker; Sample; Sample Approval; Product Development; Tech Pack; Design,,,,,,,,,,,,,,,,,,,,
152,Sample Man,CAD / Product / Sample,Fabric Management,CAD; Pattern; Grading; Marker; Sample; Sample Approval; Product Development; Tech Pack; Design,,,,,,,,,,,,,,,,,,,,
153,Junior Sample Man,CAD / Product / Sample,Fabric Management,CAD; Pattern; Grading; Marker; Sample; Sample Approval; Product Development; Tech Pack; Design,,,,,,,,,,,,,,,,,,,,
154,Procurement Director,Procurement & Supplier,Procurement Management,Procurement; RFQ; Sourcing; Supplier Selection; Supplier Approval; Supplier Evaluation; Supplier Audit; Supplier Development; General Purchase,,,,,,,,,,,,,,,,,,,,
155,Procurement Manager,Procurement & Supplier,Procurement Management,Procurement; RFQ; Sourcing; Supplier Selection; Supplier Approval; Supplier Evaluation; Supplier Audit; Supplier Development; General Purchase,,,,,,,,,,,,,,,,,,,,
156,Senior Procurement Officer,Procurement & Supplier,Procurement Management,Procurement; RFQ; Sourcing; Supplier Selection; Supplier Approval; Supplier Evaluation; Supplier Audit; Supplier Development; General Purchase,,,,,,,,,,,,,,,,,,,,
157,Procurement Officer,Procurement & Supplier,Procurement Management,Procurement; RFQ; Sourcing; Supplier Selection; Supplier Approval; Supplier Evaluation; Supplier Audit; Supplier Development; General Purchase,,,,,,,,,,,,,,,,,,,,
158,Junior Procurement Officer,Procurement & Supplier,Procurement Management,Procurement; RFQ; Sourcing; Supplier Selection; Supplier Approval; Supplier Evaluation; Supplier Audit; Supplier Development; General Purchase,,,,,,,,,,,,,,,,,,,,
159,Procurement Executive,Procurement & Supplier,Procurement Management,Procurement; RFQ; Sourcing; Supplier Selection; Supplier Approval; Supplier Evaluation; Supplier Audit; Supplier Development; General Purchase,,,,,,,,,,,,,,,,,,,,
160,Purchase Manager,Procurement & Supplier,Procurement Management,Procurement; RFQ; Sourcing; Supplier Selection; Supplier Approval; Supplier Evaluation; Supplier Audit; Supplier Development; General Purchase,,,,,,,,,,,,,,,,,,,,
161,Purchase Officer,Procurement & Supplier,Procurement Management,Procurement; RFQ; Sourcing; Supplier Selection; Supplier Approval; Supplier Evaluation; Supplier Audit; Supplier Development; General Purchase,,,,,,,,,,,,,,,,,,,,
162,Purchase Executive,Procurement & Supplier,Procurement Management,Procurement; RFQ; Sourcing; Supplier Selection; Supplier Approval; Supplier Evaluation; Supplier Audit; Supplier Development; General Purchase,,,,,,,,,,,,,,,,,,,,
163,Sourcing Manager,Procurement & Supplier,Procurement Management,Procurement; RFQ; Sourcing; Supplier Selection; Supplier Approval; Supplier Evaluation; Supplier Audit; Supplier Development; General Purchase,,,,,,,,,,,,,,,,,,,,
164,Sourcing Officer,Procurement & Supplier,Procurement Management,Procurement; RFQ; Sourcing; Supplier Selection; Supplier Approval; Supplier Evaluation; Supplier Audit; Supplier Development; General Purchase,,,,,,,,,,,,,,,,,,,,
165,Supplier Development Manager,Procurement & Supplier,Procurement Management,Procurement; RFQ; Sourcing; Supplier Selection; Supplier Approval; Supplier Evaluation; Supplier Audit; Supplier Development; General Purchase,,,,,,,,,,,,,,,,,,,,
166,Supplier Development Officer,Procurement & Supplier,Procurement Management,Procurement; RFQ; Sourcing; Supplier Selection; Supplier Approval; Supplier Evaluation; Supplier Audit; Supplier Development; General Purchase,,,,,,,,,,,,,,,,,,,,
167,Supplier Quality Manager,Procurement & Supplier,Procurement Management,Procurement; RFQ; Sourcing; Supplier Selection; Supplier Approval; Supplier Evaluation; Supplier Audit; Supplier Development; General Purchase,,,,,,,,,,,,,,,,,,,,
168,Supplier Quality Officer,Procurement & Supplier,Procurement Management,Procurement; RFQ; Sourcing; Supplier Selection; Supplier Approval; Supplier Evaluation; Supplier Audit; Supplier Development; General Purchase,,,,,,,,,,,,,,,,,,,,
169,Supplier Auditor,Procurement & Supplier,Procurement Management,Procurement; RFQ; Sourcing; Supplier Selection; Supplier Approval; Supplier Evaluation; Supplier Audit; Supplier Development; General Purchase,,,,,,,,,,,,,,,,,,,,
170,Supplier Evaluation Officer,Procurement & Supplier,Procurement Management,Procurement; RFQ; Sourcing; Supplier Selection; Supplier Approval; Supplier Evaluation; Supplier Audit; Supplier Development; General Purchase,,,,,,,,,,,,,,,,,,,,
171,Fabric Procurement Officer,Procurement & Supplier,Procurement Management,Procurement; RFQ; Sourcing; Supplier Selection; Supplier Approval; Supplier Evaluation; Supplier Audit; Supplier Development; General Purchase,,,,,,,,,,,,,,,,,,,,
172,Accessories Procurement Officer,Procurement & Supplier,Procurement Management,Procurement; RFQ; Sourcing; Supplier Selection; Supplier Approval; Supplier Evaluation; Supplier Audit; Supplier Development; General Purchase,,,,,,,,,,,,,,,,,,,,
173,General Purchase Officer,Procurement & Supplier,Procurement Management,Procurement; RFQ; Sourcing; Supplier Selection; Supplier Approval; Supplier Evaluation; Supplier Audit; Supplier Development; General Purchase,,,,,,,,,,,,,,,,,,,,
174,Fabric Manager,Fabric / Knitting / Dyeing,Fabric Management,Fabric; Fabric Procurement; Fabric Store; Yarn; Knitting; Dyeing; Fabric Inspection,,,,,,,,,,,,,,,,,,,,
175,Fabric In-charge,Fabric / Knitting / Dyeing,Fabric Management,Fabric; Fabric Procurement; Fabric Store; Yarn; Knitting; Dyeing; Fabric Inspection,,,,,,,,,,,,,,,,,,,,
176,Fabric Officer,Fabric / Knitting / Dyeing,Fabric Management,Fabric; Fabric Procurement; Fabric Store; Yarn; Knitting; Dyeing; Fabric Inspection,,,,,,,,,,,,,,,,,,,,
177,Fabric Coordinator,Fabric / Knitting / Dyeing,Fabric Management,Fabric; Fabric Procurement; Fabric Store; Yarn; Knitting; Dyeing; Fabric Inspection,,,,,,,,,,,,,,,,,,,,
178,Fabric Inspector,Fabric / Knitting / Dyeing,Fabric Management,Fabric; Fabric Procurement; Fabric Store; Yarn; Knitting; Dyeing; Fabric Inspection,,,,,,,,,,,,,,,,,,,,
179,Fabric Store Keeper,Fabric / Knitting / Dyeing,Fabric Management,Fabric; Fabric Procurement; Fabric Store; Yarn; Knitting; Dyeing; Fabric Inspection,,,,,,,,,,,,,,,,,,,,
180,Yarn Manager,Fabric / Knitting / Dyeing,Fabric Management,Fabric; Fabric Procurement; Fabric Store; Yarn; Knitting; Dyeing; Fabric Inspection,,,,,,,,,,,,,,,,,,,,
181,Yarn Officer,Fabric / Knitting / Dyeing,Fabric Management,Fabric; Fabric Procurement; Fabric Store; Yarn; Knitting; Dyeing; Fabric Inspection,,,,,,,,,,,,,,,,,,,,
182,Knitting Manager,Fabric / Knitting / Dyeing,Fabric Management,Fabric; Fabric Procurement; Fabric Store; Yarn; Knitting; Dyeing; Fabric Inspection,,,,,,,,,,,,,,,,,,,,
183,Knitting In-charge,Fabric / Knitting / Dyeing,Fabric Management,Fabric; Fabric Procurement; Fabric Store; Yarn; Knitting; Dyeing; Fabric Inspection,,,,,,,,,,,,,,,,,,,,
184,Knitting Supervisor,Fabric / Knitting / Dyeing,Fabric Management,Fabric; Fabric Procurement; Fabric Store; Yarn; Knitting; Dyeing; Fabric Inspection,,,,,,,,,,,,,,,,,,,,
185,Knitting Technician,Fabric / Knitting / Dyeing,Fabric Management,Fabric; Fabric Procurement; Fabric Store; Yarn; Knitting; Dyeing; Fabric Inspection,,,,,,,,,,,,,,,,,,,,
186,Knitting Operator,Fabric / Knitting / Dyeing,Fabric Management,Fabric; Fabric Procurement; Fabric Store; Yarn; Knitting; Dyeing; Fabric Inspection,,,,,,,,,,,,,,,,,,,,
187,Dyeing Manager,Fabric / Knitting / Dyeing,Fabric Management,Fabric; Fabric Procurement; Fabric Store; Yarn; Knitting; Dyeing; Fabric Inspection,,,,,,,,,,,,,,,,,,,,
188,Dyeing Supervisor,Fabric / Knitting / Dyeing,Fabric Management,Fabric; Fabric Procurement; Fabric Store; Yarn; Knitting; Dyeing; Fabric Inspection,,,,,,,,,,,,,,,,,,,,
189,Dyeing Technician,Fabric / Knitting / Dyeing,Fabric Management,Fabric; Fabric Procurement; Fabric Store; Yarn; Knitting; Dyeing; Fabric Inspection,,,,,,,,,,,,,,,,,,,,
190,Dyeing Operator,Fabric / Knitting / Dyeing,Fabric Management,Fabric; Fabric Procurement; Fabric Store; Yarn; Knitting; Dyeing; Fabric Inspection,,,,,,,,,,,,,,,,,,,,
191,Fabric Finishing Supervisor,Fabric / Knitting / Dyeing,Fabric Management,Fabric; Fabric Procurement; Fabric Store; Yarn; Knitting; Dyeing; Fabric Inspection,,,,,,,,,,,,,,,,,,,,
192,Fabric Finishing Operator,Fabric / Knitting / Dyeing,Fabric Management,Fabric; Fabric Procurement; Fabric Store; Yarn; Knitting; Dyeing; Fabric Inspection,,,,,,,,,,,,,,,,,,,,
193,Fabric Lab Technician,Fabric / Knitting / Dyeing,Fabric Management,Fabric; Fabric Procurement; Fabric Store; Yarn; Knitting; Dyeing; Fabric Inspection,,,,,,,,,,,,,,,,,,,,
194,Lab Assistant,Fabric / Knitting / Dyeing,Fabric Management,Fabric; Fabric Procurement; Fabric Store; Yarn; Knitting; Dyeing; Fabric Inspection,,,,,,,,,,,,,,,,,,,,
195,Cutting Manager,Cutting,Production Management,Cutting; Cutting Quality; Fabric Relaxation; Spreading; Numbering; Bundling,,,,,,,,,,,,,,,,,,,,
196,Cutting In-charge,Cutting,Production Management,Cutting; Cutting Quality; Fabric Relaxation; Spreading; Numbering; Bundling,,,,,,,,,,,,,,,,,,,,
197,Cutting Supervisor,Cutting,Production Management,Cutting; Cutting Quality; Fabric Relaxation; Spreading; Numbering; Bundling,,,,,,,,,,,,,,,,,,,,
198,Senior Cutting Supervisor,Cutting,Production Management,Cutting; Cutting Quality; Fabric Relaxation; Spreading; Numbering; Bundling,,,,,,,,,,,,,,,,,,,,
199,Cutting Technician,Cutting,Production Management,Cutting; Cutting Quality; Fabric Relaxation; Spreading; Numbering; Bundling,,,,,,,,,,,,,,,,,,,,
200,Cutting Officer,Cutting,Production Management,Cutting; Cutting Quality; Fabric Relaxation; Spreading; Numbering; Bundling,,,,,,,,,,,,,,,,,,,,
201,Cutting Executive,Cutting,Production Management,Cutting; Cutting Quality; Fabric Relaxation; Spreading; Numbering; Bundling,,,,,,,,,,,,,,,,,,,,
202,CAD Marker,Cutting,Production Management,Cutting; Cutting Quality; Fabric Relaxation; Spreading; Numbering; Bundling,,,,,,,,,,,,,,,,,,,,
203,Marker Man,Cutting,Production Management,Cutting; Cutting Quality; Fabric Relaxation; Spreading; Numbering; Bundling,,,,,,,,,,,,,,,,,,,,
204,Spreading Supervisor,Cutting,Production Management,Cutting; Cutting Quality; Fabric Relaxation; Spreading; Numbering; Bundling,,,,,,,,,,,,,,,,,,,,
205,Spreader,Cutting,Production Management,Cutting; Cutting Quality; Fabric Relaxation; Spreading; Numbering; Bundling,,,,,,,,,,,,,,,,,,,,
206,Lay Man,Cutting,Production Management,Cutting; Cutting Quality; Fabric Relaxation; Spreading; Numbering; Bundling,,,,,,,,,,,,,,,,,,,,
207,Senior Cutter Man,Cutting,Production Management,Cutting; Cutting Quality; Fabric Relaxation; Spreading; Numbering; Bundling,,,,,,,,,,,,,,,,,,,,
208,Cutter Man,Cutting,Production Management,Cutting; Cutting Quality; Fabric Relaxation; Spreading; Numbering; Bundling,,,,,,,,,,,,,,,,,,,,
209,Junior Cutter Man,Cutting,Production Management,Cutting; Cutting Quality; Fabric Relaxation; Spreading; Numbering; Bundling,,,,,,,,,,,,,,,,,,,,
210,Assistant Cutter,Cutting,Production Management,Cutting; Cutting Quality; Fabric Relaxation; Spreading; Numbering; Bundling,,,,,,,,,,,,,,,,,,,,
211,Cutting Helper,Cutting,Production Management,Cutting; Cutting Quality; Fabric Relaxation; Spreading; Numbering; Bundling,,,,,,,,,,,,,,,,,,,,
212,Numbering Man,Cutting,Production Management,Cutting; Cutting Quality; Fabric Relaxation; Spreading; Numbering; Bundling,,,,,,,,,,,,,,,,,,,,
213,Bundle Man,Cutting,Production Management,Cutting; Cutting Quality; Fabric Relaxation; Spreading; Numbering; Bundling,,,,,,,,,,,,,,,,,,,,
214,Junior Bundle Man,Cutting,Production Management,Cutting; Cutting Quality; Fabric Relaxation; Spreading; Numbering; Bundling,,,,,,,,,,,,,,,,,,,,
215,Cutting Quality Inspector,Cutting,Production Management,Cutting; Cutting Quality; Fabric Relaxation; Spreading; Numbering; Bundling,,,,,,,,,,,,,,,,,,,,
216,Production Director,Sewing / Production,Production Management,Sewing; Sewing Quality; Sewing Input; Sewing Production; Hourly Production; WIP Control; Size Set,,,,,,,,,,,,,,,,,,,,
217,Production Manager,Sewing / Production,Production Management,Sewing; Sewing Quality; Sewing Input; Sewing Production; Hourly Production; WIP Control; Size Set,,,,,,,,,,,,,,,,,,,,
218,Senior Production Manager,Sewing / Production,Production Management,Sewing; Sewing Quality; Sewing Input; Sewing Production; Hourly Production; WIP Control; Size Set,,,,,,,,,,,,,,,,,,,,
219,Assistant Production Manager,Sewing / Production,Production Management,Sewing; Sewing Quality; Sewing Input; Sewing Production; Hourly Production; WIP Control; Size Set,,,,,,,,,,,,,,,,,,,,
220,Sewing Manager,Sewing / Production,Production Management,Sewing; Sewing Quality; Sewing Input; Sewing Production; Hourly Production; WIP Control; Size Set,,,,,,,,,,,,,,,,,,,,
221,Sewing In-charge,Sewing / Production,Production Management,Sewing; Sewing Quality; Sewing Input; Sewing Production; Hourly Production; WIP Control; Size Set,,,,,,,,,,,,,,,,,,,,
222,Sewing Supervisor,Sewing / Production,Production Management,Sewing; Sewing Quality; Sewing Input; Sewing Production; Hourly Production; WIP Control; Size Set,,,,,,,,,,,,,,,,,,,,
223,Senior Sewing Supervisor,Sewing / Production,Production Management,Sewing; Sewing Quality; Sewing Input; Sewing Production; Hourly Production; WIP Control; Size Set,,,,,,,,,,,,,,,,,,,,
224,Assistant Supervisor,Sewing / Production,Production Management,Sewing; Sewing Quality; Sewing Input; Sewing Production; Hourly Production; WIP Control; Size Set,,,,,,,,,,,,,,,,,,,,
225,Line Chief,Sewing / Production,Production Management,Sewing; Sewing Quality; Sewing Input; Sewing Production; Hourly Production; WIP Control; Size Set,,,,,,,,,,,,,,,,,,,,
226,Line Supervisor,Sewing / Production,Production Management,Sewing; Sewing Quality; Sewing Input; Sewing Production; Hourly Production; WIP Control; Size Set,,,,,,,,,,,,,,,,,,,,
227,Line Leader,Sewing / Production,Production Management,Sewing; Sewing Quality; Sewing Input; Sewing Production; Hourly Production; WIP Control; Size Set,,,,,,,,,,,,,,,,,,,,
228,Production Coordinator,Sewing / Production,Production Management,Sewing; Sewing Quality; Sewing Input; Sewing Production; Hourly Production; WIP Control; Size Set,,,,,,,,,,,,,,,,,,,,
229,Production Reporter,Sewing / Production,Production Management,Sewing; Sewing Quality; Sewing Input; Sewing Production; Hourly Production; WIP Control; Size Set,,,,,,,,,,,,,,,,,,,,
230,Input Supervisor,Sewing / Production,Production Management,Sewing; Sewing Quality; Sewing Input; Sewing Production; Hourly Production; WIP Control; Size Set,,,,,,,,,,,,,,,,,,,,
231,Input Man,Sewing / Production,Production Management,Sewing; Sewing Quality; Sewing Input; Sewing Production; Hourly Production; WIP Control; Size Set,,,,,,,,,,,,,,,,,,,,
232,Output Supervisor,Sewing / Production,Production Management,Sewing; Sewing Quality; Sewing Input; Sewing Production; Hourly Production; WIP Control; Size Set,,,,,,,,,,,,,,,,,,,,
233,Output Man,Sewing / Production,Production Management,Sewing; Sewing Quality; Sewing Input; Sewing Production; Hourly Production; WIP Control; Size Set,,,,,,,,,,,,,,,,,,,,
234,Bundle Man,Sewing / Production,Production Management,Sewing; Sewing Quality; Sewing Input; Sewing Production; Hourly Production; WIP Control; Size Set,,,,,,,,,,,,,,,,,,,,
235,Junior Bundle Man,Sewing / Production,Production Management,Sewing; Sewing Quality; Sewing Input; Sewing Production; Hourly Production; WIP Control; Size Set,,,,,,,,,,,,,,,,,,,,
236,Sewing Technician,Sewing / Production,Production Management,Sewing; Sewing Quality; Sewing Input; Sewing Production; Hourly Production; WIP Control; Size Set,,,,,,,,,,,,,,,,,,,,
237,Machine Technician,Sewing / Production,Production Management,Sewing; Sewing Quality; Sewing Input; Sewing Production; Hourly Production; WIP Control; Size Set,,,,,,,,,,,,,,,,,,,,
238,Operator,Sewing / Production,Production Management,Sewing; Sewing Quality; Sewing Input; Sewing Production; Hourly Production; WIP Control; Size Set,,,,,,,,,,,,,,,,,,,,
239,Senior Operator,Sewing / Production,Production Management,Sewing; Sewing Quality; Sewing Input; Sewing Production; Hourly Production; WIP Control; Size Set,,,,,,,,,,,,,,,,,,,,
240,Junior Operator,Sewing / Production,Production Management,Sewing; Sewing Quality; Sewing Input; Sewing Production; Hourly Production; WIP Control; Size Set,,,,,,,,,,,,,,,,,,,,
241,Trainee Operator,Sewing / Production,Production Management,Sewing; Sewing Quality; Sewing Input; Sewing Production; Hourly Production; WIP Control; Size Set,,,,,,,,,,,,,,,,,,,,
242,Helper,Sewing / Production,Production Management,Sewing; Sewing Quality; Sewing Input; Sewing Production; Hourly Production; WIP Control; Size Set,,,,,,,,,,,,,,,,,,,,
243,Sewing Helper,Sewing / Production,Production Management,Sewing; Sewing Quality; Sewing Input; Sewing Production; Hourly Production; WIP Control; Size Set,,,,,,,,,,,,,,,,,,,,
244,Machine Operator,Sewing / Production,Production Management,Sewing; Sewing Quality; Sewing Input; Sewing Production; Hourly Production; WIP Control; Size Set,,,,,,,,,,,,,,,,,,,,
245,Special Machine Operator,Sewing / Production,Production Management,Sewing; Sewing Quality; Sewing Input; Sewing Production; Hourly Production; WIP Control; Size Set,,,,,,,,,,,,,,,,,,,,
246,Button Operator,Sewing / Production,Production Management,Sewing; Sewing Quality; Sewing Input; Sewing Production; Hourly Production; WIP Control; Size Set,,,,,,,,,,,,,,,,,,,,
247,Button Supervisor,Sewing / Production,Production Management,Sewing; Sewing Quality; Sewing Input; Sewing Production; Hourly Production; WIP Control; Size Set,,,,,,,,,,,,,,,,,,,,
248,Buttonhole Operator,Sewing / Production,Production Management,Sewing; Sewing Quality; Sewing Input; Sewing Production; Hourly Production; WIP Control; Size Set,,,,,,,,,,,,,,,,,,,,
249,Bartack Operator,Sewing / Production,Production Management,Sewing; Sewing Quality; Sewing Input; Sewing Production; Hourly Production; WIP Control; Size Set,,,,,,,,,,,,,,,,,,,,
250,Flatlock Operator,Sewing / Production,Production Management,Sewing; Sewing Quality; Sewing Input; Sewing Production; Hourly Production; WIP Control; Size Set,,,,,,,,,,,,,,,,,,,,
251,Overlock Operator,Sewing / Production,Production Management,Sewing; Sewing Quality; Sewing Input; Sewing Production; Hourly Production; WIP Control; Size Set,,,,,,,,,,,,,,,,,,,,
252,Coverstitch Operator,Sewing / Production,Production Management,Sewing; Sewing Quality; Sewing Input; Sewing Production; Hourly Production; WIP Control; Size Set,,,,,,,,,,,,,,,,,,,,
253,Kansai Operator,Sewing / Production,Production Management,Sewing; Sewing Quality; Sewing Input; Sewing Production; Hourly Production; WIP Control; Size Set,,,,,,,,,,,,,,,,,,,,
254,Heat Seal Man,Sewing / Production,Production Management,Sewing; Sewing Quality; Sewing Input; Sewing Production; Hourly Production; WIP Control; Size Set,,,,,,,,,,,,,,,,,,,,
255,Heat Seal Supervisor,Sewing / Production,Production Management,Sewing; Sewing Quality; Sewing Input; Sewing Production; Hourly Production; WIP Control; Size Set,,,,,,,,,,,,,,,,,,,,
256,Piping Man,Sewing / Production,Production Management,Sewing; Sewing Quality; Sewing Input; Sewing Production; Hourly Production; WIP Control; Size Set,,,,,,,,,,,,,,,,,,,,
257,Piping M.O,Sewing / Production,Production Management,Sewing; Sewing Quality; Sewing Input; Sewing Production; Hourly Production; WIP Control; Size Set,,,,,,,,,,,,,,,,,,,,
258,Iron Man,Sewing / Production,Production Management,Sewing; Sewing Quality; Sewing Input; Sewing Production; Hourly Production; WIP Control; Size Set,,,,,,,,,,,,,,,,,,,,
259,Iron Supervisor,Sewing / Production,Production Management,Sewing; Sewing Quality; Sewing Input; Sewing Production; Hourly Production; WIP Control; Size Set,,,,,,,,,,,,,,,,,,,,
260,Spot Man,Sewing / Production,Production Management,Sewing; Sewing Quality; Sewing Input; Sewing Production; Hourly Production; WIP Control; Size Set,,,,,,,,,,,,,,,,,,,,
261,Sticker Man,Sewing / Production,Production Management,Sewing; Sewing Quality; Sewing Input; Sewing Production; Hourly Production; WIP Control; Size Set,,,,,,,,,,,,,,,,,,,,
262,Tag Man,Sewing / Production,Production Management,Sewing; Sewing Quality; Sewing Input; Sewing Production; Hourly Production; WIP Control; Size Set,,,,,,,,,,,,,,,,,,,,
263,Numbering Man,Sewing / Production,Production Management,Sewing; Sewing Quality; Sewing Input; Sewing Production; Hourly Production; WIP Control; Size Set,,,,,,,,,,,,,,,,,,,,
264,Finishing Manager,Finishing & Packing,Production Management,Finishing; Finishing Quality; Ironing; Folding; Spot Removal,,,,,,,,,,,,,,,,,,,,
265,Finishing In-charge,Finishing & Packing,Production Management,Finishing; Finishing Quality; Ironing; Folding; Spot Removal,,,,,,,,,,,,,,,,,,,,
266,Finishing Supervisor,Finishing & Packing,Production Management,Finishing; Finishing Quality; Ironing; Folding; Spot Removal,,,,,,,,,,,,,,,,,,,,
267,Senior Finishing Supervisor,Finishing & Packing,Production Management,Finishing; Finishing Quality; Ironing; Folding; Spot Removal,,,,,,,,,,,,,,,,,,,,
268,Finishing Assistant,Finishing & Packing,Production Management,Finishing; Finishing Quality; Ironing; Folding; Spot Removal,,,,,,,,,,,,,,,,,,,,
269,Iron Supervisor,Finishing & Packing,Production Management,Finishing; Finishing Quality; Ironing; Folding; Spot Removal,,,,,,,,,,,,,,,,,,,,
270,Iron Man,Finishing & Packing,Production Management,Finishing; Finishing Quality; Ironing; Folding; Spot Removal,,,,,,,,,,,,,,,,,,,,
271,Folding Supervisor,Finishing & Packing,Production Management,Finishing; Finishing Quality; Ironing; Folding; Spot Removal,,,,,,,,,,,,,,,,,,,,
272,Folder,Finishing & Packing,Production Management,Finishing; Finishing Quality; Ironing; Folding; Spot Removal,,,,,,,,,,,,,,,,,,,,
273,Spot Removal Operator,Finishing & Packing,Production Management,Finishing; Finishing Quality; Ironing; Folding; Spot Removal,,,,,,,,,,,,,,,,,,,,
274,Metal Detector Operator,Finishing & Packing,Production Management,Finishing; Finishing Quality; Ironing; Folding; Spot Removal,,,,,,,,,,,,,,,,,,,,
275,Packing Manager,Finishing & Packing,Production Management,Finishing; Finishing Quality; Ironing; Folding; Spot Removal,,,,,,,,,,,,,,,,,,,,
276,Packing Supervisor,Finishing & Packing,Production Management,Finishing; Finishing Quality; Ironing; Folding; Spot Removal,,,,,,,,,,,,,,,,,,,,
277,Packer,Finishing & Packing,Production Management,Finishing; Finishing Quality; Ironing; Folding; Spot Removal,,,,,,,,,,,,,,,,,,,,
278,Senior Packer,Finishing & Packing,Production Management,Finishing; Finishing Quality; Ironing; Folding; Spot Removal,,,,,,,,,,,,,,,,,,,,
279,Junior Packer,Finishing & Packing,Production Management,Finishing; Finishing Quality; Ironing; Folding; Spot Removal,,,,,,,,,,,,,,,,,,,,
280,Carton Supervisor,Finishing & Packing,Production Management,Finishing; Finishing Quality; Ironing; Folding; Spot Removal,,,,,,,,,,,,,,,,,,,,
281,Carton Checker,Finishing & Packing,Production Management,Finishing; Finishing Quality; Ironing; Folding; Spot Removal,,,,,,,,,,,,,,,,,,,,
282,Finished Goods Supervisor,Finishing & Packing,Production Management,Finishing; Finishing Quality; Ironing; Folding; Spot Removal,,,,,,,,,,,,,,,,,,,,
283,Quality Director,Quality,Quality Assurance / QC Management,Quality; QA Audit; Quality Receive; Sewing Quality; Cutting Quality; Finishing Quality; Store Quality,,,,,,,,,,,,,,,,,,,,
284,QA Manager,Quality,Quality Assurance / QC Management,Quality; QA Audit; Quality Receive; Sewing Quality; Cutting Quality; Finishing Quality; Store Quality,,,,,,,,,,,,,,,,,,,,
285,QA Supervisor,Quality,Quality Assurance / QC Management,Quality; QA Audit; Quality Receive; Sewing Quality; Cutting Quality; Finishing Quality; Store Quality,,,,,,,,,,,,,,,,,,,,
286,Quality Manager,Quality,Quality Assurance / QC Management,Quality; QA Audit; Quality Receive; Sewing Quality; Cutting Quality; Finishing Quality; Store Quality,,,,,,,,,,,,,,,,,,,,
287,Quality In-charge,Quality,Quality Assurance / QC Management,Quality; QA Audit; Quality Receive; Sewing Quality; Cutting Quality; Finishing Quality; Store Quality,,,,,,,,,,,,,,,,,,,,
288,Quality Supervisor,Quality,Quality Assurance / QC Management,Quality; QA Audit; Quality Receive; Sewing Quality; Cutting Quality; Finishing Quality; Store Quality,,,,,,,,,,,,,,,,,,,,
289,Senior Quality Supervisor,Quality,Quality Assurance / QC Management,Quality; QA Audit; Quality Receive; Sewing Quality; Cutting Quality; Finishing Quality; Store Quality,,,,,,,,,,,,,,,,,,,,
290,Quality Inspector,Quality,Quality Assurance / QC Management,Quality; QA Audit; Quality Receive; Sewing Quality; Cutting Quality; Finishing Quality; Store Quality,,,,,,,,,,,,,,,,,,,,
291,Senior Quality Inspector,Quality,Quality Assurance / QC Management,Quality; QA Audit; Quality Receive; Sewing Quality; Cutting Quality; Finishing Quality; Store Quality,,,,,,,,,,,,,,,,,,,,
292,Junior Quality Inspector,Quality,Quality Assurance / QC Management,Quality; QA Audit; Quality Receive; Sewing Quality; Cutting Quality; Finishing Quality; Store Quality,,,,,,,,,,,,,,,,,,,,
293,Inline Inspector,Quality,Quality Assurance / QC Management,Quality; QA Audit; Quality Receive; Sewing Quality; Cutting Quality; Finishing Quality; Store Quality,,,,,,,,,,,,,,,,,,,,
294,End Line Inspector,Quality,Quality Assurance / QC Management,Quality; QA Audit; Quality Receive; Sewing Quality; Cutting Quality; Finishing Quality; Store Quality,,,,,,,,,,,,,,,,,,,,
295,Final Inspector,Quality,Quality Assurance / QC Management,Quality; QA Audit; Quality Receive; Sewing Quality; Cutting Quality; Finishing Quality; Store Quality,,,,,,,,,,,,,,,,,,,,
296,Fabric Inspector,Quality,Quality Assurance / QC Management,Quality; QA Audit; Quality Receive; Sewing Quality; Cutting Quality; Finishing Quality; Store Quality,,,,,,,,,,,,,,,,,,,,
297,Cutting Quality Inspector,Quality,Quality Assurance / QC Management,Quality; QA Audit; Quality Receive; Sewing Quality; Cutting Quality; Finishing Quality; Store Quality,,,,,,,,,,,,,,,,,,,,
298,Sewing Quality Inspector,Quality,Quality Assurance / QC Management,Quality; QA Audit; Quality Receive; Sewing Quality; Cutting Quality; Finishing Quality; Store Quality,,,,,,,,,,,,,,,,,,,,
299,Finishing Quality Inspector,Quality,Quality Assurance / QC Management,Quality; QA Audit; Quality Receive; Sewing Quality; Cutting Quality; Finishing Quality; Store Quality,,,,,,,,,,,,,,,,,,,,
300,Packing Quality Inspector,Quality,Quality Assurance / QC Management,Quality; QA Audit; Quality Receive; Sewing Quality; Cutting Quality; Finishing Quality; Store Quality,,,,,,,,,,,,,,,,,,,,
301,QA Auditor,Quality,Quality Assurance / QC Management,Quality; QA Audit; Quality Receive; Sewing Quality; Cutting Quality; Finishing Quality; Store Quality,,,,,,,,,,,,,,,,,,,,
302,Quality Auditor,Quality,Quality Assurance / QC Management,Quality; QA Audit; Quality Receive; Sewing Quality; Cutting Quality; Finishing Quality; Store Quality,,,,,,,,,,,,,,,,,,,,
303,QI,Quality,Quality Assurance / QC Management,Quality; QA Audit; Quality Receive; Sewing Quality; Cutting Quality; Finishing Quality; Store Quality,,,,,,,,,,,,,,,,,,,,
304,Senior QI,Quality,Quality Assurance / QC Management,Quality; QA Audit; Quality Receive; Sewing Quality; Cutting Quality; Finishing Quality; Store Quality,,,,,,,,,,,,,,,,,,,,
305,GPQ,Quality,Quality Assurance / QC Management,Quality; QA Audit; Quality Receive; Sewing Quality; Cutting Quality; Finishing Quality; Store Quality,,,,,,,,,,,,,,,,,,,,
306,Senior GPQ,Quality,Quality Assurance / QC Management,Quality; QA Audit; Quality Receive; Sewing Quality; Cutting Quality; Finishing Quality; Store Quality,,,,,,,,,,,,,,,,,,,,
307,Product Safety Officer,Quality,Quality Assurance / QC Management,Quality; QA Audit; Quality Receive; Sewing Quality; Cutting Quality; Finishing Quality; Store Quality,,,,,,,,,,,,,,,,,,,,
308,Needle Control Officer,Quality,Quality Assurance / QC Management,Quality; QA Audit; Quality Receive; Sewing Quality; Cutting Quality; Finishing Quality; Store Quality,,,,,,,,,,,,,,,,,,,,
309,Traceability Officer,Quality,Quality Assurance / QC Management,Quality; QA Audit; Quality Receive; Sewing Quality; Cutting Quality; Finishing Quality; Store Quality,,,,,,,,,,,,,,,,,,,,
310,Customer Complaint Officer,Quality,Quality Assurance / QC Management,Quality; QA Audit; Quality Receive; Sewing Quality; Cutting Quality; Finishing Quality; Store Quality,,,,,,,,,,,,,,,,,,,,
311,Laboratory Manager,Lab / Testing / Calibration,Quality Assurance / QC Management,Quality,,,,,,,,,,,,,,,,,,,,
312,Lab Manager,Lab / Testing / Calibration,Quality Assurance / QC Management,Quality,,,,,,,,,,,,,,,,,,,,
313,Lab Officer,Lab / Testing / Calibration,Quality Assurance / QC Management,Quality,,,,,,,,,,,,,,,,,,,,
314,Lab Technician,Lab / Testing / Calibration,Quality Assurance / QC Management,Quality,,,,,,,,,,,,,,,,,,,,
315,Senior Lab Technician,Lab / Testing / Calibration,Quality Assurance / QC Management,Quality,,,,,,,,,,,,,,,,,,,,
316,Junior Lab Technician,Lab / Testing / Calibration,Quality Assurance / QC Management,Quality,,,,,,,,,,,,,,,,,,,,
317,Testing Officer,Lab / Testing / Calibration,Quality Assurance / QC Management,Quality,,,,,,,,,,,,,,,,,,,,
318,Testing Technician,Lab / Testing / Calibration,Quality Assurance / QC Management,Quality,,,,,,,,,,,,,,,,,,,,
319,Calibration Officer,Lab / Testing / Calibration,Quality Assurance / QC Management,Quality,,,,,,,,,,,,,,,,,,,,
320,Calibration Technician,Lab / Testing / Calibration,Quality Assurance / QC Management,Quality,,,,,,,,,,,,,,,,,,,,
321,Engineering Manager,Engineering / Maintenance / Utility,Maintenance Management; Utility & Energy Management,Electrical; Mechanical; Energy Monitoring; Utility Monitoring; Energy Efficiency,,,,,,,,,,,,,,,,,,,,
322,Maintenance Manager,Engineering / Maintenance / Utility,Maintenance Management; Utility & Energy Management,Electrical; Mechanical; Energy Monitoring; Utility Monitoring; Energy Efficiency,,,,,,,,,,,,,,,,,,,,
323,Maintenance In-charge,Engineering / Maintenance / Utility,Maintenance Management; Utility & Energy Management,Electrical; Mechanical; Energy Monitoring; Utility Monitoring; Energy Efficiency,,,,,,,,,,,,,,,,,,,,
324,Maintenance Supervisor,Engineering / Maintenance / Utility,Maintenance Management; Utility & Energy Management,Electrical; Mechanical; Energy Monitoring; Utility Monitoring; Energy Efficiency,,,,,,,,,,,,,,,,,,,,
325,Mechanical Engineer,Engineering / Maintenance / Utility,Maintenance Management; Utility & Energy Management,Electrical; Mechanical; Energy Monitoring; Utility Monitoring; Energy Efficiency,,,,,,,,,,,,,,,,,,,,
326,Mechanical Supervisor,Engineering / Maintenance / Utility,Maintenance Management; Utility & Energy Management,Electrical; Mechanical; Energy Monitoring; Utility Monitoring; Energy Efficiency,,,,,,,,,,,,,,,,,,,,
327,Mechanic In-charge,Engineering / Maintenance / Utility,Maintenance Management; Utility & Energy Management,Electrical; Mechanical; Energy Monitoring; Utility Monitoring; Energy Efficiency,,,,,,,,,,,,,,,,,,,,
328,Senior Mechanic,Engineering / Maintenance / Utility,Maintenance Management; Utility & Energy Management,Electrical; Mechanical; Energy Monitoring; Utility Monitoring; Energy Efficiency,,,,,,,,,,,,,,,,,,,,
329,Mechanic,Engineering / Maintenance / Utility,Maintenance Management; Utility & Energy Management,Electrical; Mechanical; Energy Monitoring; Utility Monitoring; Energy Efficiency,,,,,,,,,,,,,,,,,,,,
330,Junior Mechanic,Engineering / Maintenance / Utility,Maintenance Management; Utility & Energy Management,Electrical; Mechanical; Energy Monitoring; Utility Monitoring; Energy Efficiency,,,,,,,,,,,,,,,,,,,,
331,Machine Technician,Engineering / Maintenance / Utility,Maintenance Management; Utility & Energy Management,Electrical; Mechanical; Energy Monitoring; Utility Monitoring; Energy Efficiency,,,,,,,,,,,,,,,,,,,,
332,Senior Machine Technician,Engineering / Maintenance / Utility,Maintenance Management; Utility & Energy Management,Electrical; Mechanical; Energy Monitoring; Utility Monitoring; Energy Efficiency,,,,,,,,,,,,,,,,,,,,
333,Junior Machine Technician,Engineering / Maintenance / Utility,Maintenance Management; Utility & Energy Management,Electrical; Mechanical; Energy Monitoring; Utility Monitoring; Energy Efficiency,,,,,,,,,,,,,,,,,,,,
334,Electrical Manager,Engineering / Maintenance / Utility,Maintenance Management; Utility & Energy Management,Electrical; Mechanical; Energy Monitoring; Utility Monitoring; Energy Efficiency,,,,,,,,,,,,,,,,,,,,
335,Electrical Engineer,Engineering / Maintenance / Utility,Maintenance Management; Utility & Energy Management,Electrical; Mechanical; Energy Monitoring; Utility Monitoring; Energy Efficiency,,,,,,,,,,,,,,,,,,,,
336,Electrical Supervisor,Engineering / Maintenance / Utility,Maintenance Management; Utility & Energy Management,Electrical; Mechanical; Energy Monitoring; Utility Monitoring; Energy Efficiency,,,,,,,,,,,,,,,,,,,,
337,Electric In-charge,Engineering / Maintenance / Utility,Maintenance Management; Utility & Energy Management,Electrical; Mechanical; Energy Monitoring; Utility Monitoring; Energy Efficiency,,,,,,,,,,,,,,,,,,,,
338,Electric Supervisor,Engineering / Maintenance / Utility,Maintenance Management; Utility & Energy Management,Electrical; Mechanical; Energy Monitoring; Utility Monitoring; Energy Efficiency,,,,,,,,,,,,,,,,,,,,
339,Electric Technician,Engineering / Maintenance / Utility,Maintenance Management; Utility & Energy Management,Electrical; Mechanical; Energy Monitoring; Utility Monitoring; Energy Efficiency,,,,,,,,,,,,,,,,,,,,
340,General Electrician,Engineering / Maintenance / Utility,Maintenance Management; Utility & Energy Management,Electrical; Mechanical; Energy Monitoring; Utility Monitoring; Energy Efficiency,,,,,,,,,,,,,,,,,,,,
341,Senior Electrician,Engineering / Maintenance / Utility,Maintenance Management; Utility & Energy Management,Electrical; Mechanical; Energy Monitoring; Utility Monitoring; Energy Efficiency,,,,,,,,,,,,,,,,,,,,
342,Junior Electrician,Engineering / Maintenance / Utility,Maintenance Management; Utility & Energy Management,Electrical; Mechanical; Energy Monitoring; Utility Monitoring; Energy Efficiency,,,,,,,,,,,,,,,,,,,,
343,Generator Supervisor,Engineering / Maintenance / Utility,Maintenance Management; Utility & Energy Management,Electrical; Mechanical; Energy Monitoring; Utility Monitoring; Energy Efficiency,,,,,,,,,,,,,,,,,,,,
344,Generator Operator,Engineering / Maintenance / Utility,Maintenance Management; Utility & Energy Management,Electrical; Mechanical; Energy Monitoring; Utility Monitoring; Energy Efficiency,,,,,,,,,,,,,,,,,,,,
345,Boiler Supervisor,Engineering / Maintenance / Utility,Maintenance Management; Utility & Energy Management,Electrical; Mechanical; Energy Monitoring; Utility Monitoring; Energy Efficiency,,,,,,,,,,,,,,,,,,,,
346,Boiler Operator,Engineering / Maintenance / Utility,Maintenance Management; Utility & Energy Management,Electrical; Mechanical; Energy Monitoring; Utility Monitoring; Energy Efficiency,,,,,,,,,,,,,,,,,,,,
347,Compressor Operator,Engineering / Maintenance / Utility,Maintenance Management; Utility & Energy Management,Electrical; Mechanical; Energy Monitoring; Utility Monitoring; Energy Efficiency,,,,,,,,,,,,,,,,,,,,
348,HVAC Supervisor,Engineering / Maintenance / Utility,Maintenance Management; Utility & Energy Management,Electrical; Mechanical; Energy Monitoring; Utility Monitoring; Energy Efficiency,,,,,,,,,,,,,,,,,,,,
349,HVAC Technician,Engineering / Maintenance / Utility,Maintenance Management; Utility & Energy Management,Electrical; Mechanical; Energy Monitoring; Utility Monitoring; Energy Efficiency,,,,,,,,,,,,,,,,,,,,
350,AC Technician,Engineering / Maintenance / Utility,Maintenance Management; Utility & Energy Management,Electrical; Mechanical; Energy Monitoring; Utility Monitoring; Energy Efficiency,,,,,,,,,,,,,,,,,,,,
351,Plumber,Engineering / Maintenance / Utility,Maintenance Management; Utility & Energy Management,Electrical; Mechanical; Energy Monitoring; Utility Monitoring; Energy Efficiency,,,,,,,,,,,,,,,,,,,,
352,Welder,Engineering / Maintenance / Utility,Maintenance Management; Utility & Energy Management,Electrical; Mechanical; Energy Monitoring; Utility Monitoring; Energy Efficiency,,,,,,,,,,,,,,,,,,,,
353,Civil Engineer,Engineering / Maintenance / Utility,Maintenance Management; Utility & Energy Management,Electrical; Mechanical; Energy Monitoring; Utility Monitoring; Energy Efficiency,,,,,,,,,,,,,,,,,,,,
354,Civil Supervisor,Engineering / Maintenance / Utility,Maintenance Management; Utility & Energy Management,Electrical; Mechanical; Energy Monitoring; Utility Monitoring; Energy Efficiency,,,,,,,,,,,,,,,,,,,,
355,HSE Manager,HSE / Environment / Chemical / Fire,HSE / Occupational Health & Safety; Environmental Management; Chemical Management,HSE; Safety Inspection; PPE Management; Fire Safety; Emergency Response; Fire Drill; Environmental Aspect/Impact; Environmental Monitoring; ETP/STP; Chemical Inventory; SDS Management; Chemical Storage; Chemical Handling; Spill Response,,,,,,,,,,,,,,,,,,,,
356,HSE Officer,HSE / Environment / Chemical / Fire,HSE / Occupational Health & Safety; Environmental Management; Chemical Management,HSE; Safety Inspection; PPE Management; Fire Safety; Emergency Response; Fire Drill; Environmental Aspect/Impact; Environmental Monitoring; ETP/STP; Chemical Inventory; SDS Management; Chemical Storage; Chemical Handling; Spill Response,,,,,,,,,,,,,,,,,,,,
357,Senior HSE Officer,HSE / Environment / Chemical / Fire,HSE / Occupational Health & Safety; Environmental Management; Chemical Management,HSE; Safety Inspection; PPE Management; Fire Safety; Emergency Response; Fire Drill; Environmental Aspect/Impact; Environmental Monitoring; ETP/STP; Chemical Inventory; SDS Management; Chemical Storage; Chemical Handling; Spill Response,,,,,,,,,,,,,,,,,,,,
358,Safety Officer,HSE / Environment / Chemical / Fire,HSE / Occupational Health & Safety; Environmental Management; Chemical Management,HSE; Safety Inspection; PPE Management; Fire Safety; Emergency Response; Fire Drill; Environmental Aspect/Impact; Environmental Monitoring; ETP/STP; Chemical Inventory; SDS Management; Chemical Storage; Chemical Handling; Spill Response,,,,,,,,,,,,,,,,,,,,
359,Safety Executive,HSE / Environment / Chemical / Fire,HSE / Occupational Health & Safety; Environmental Management; Chemical Management,HSE; Safety Inspection; PPE Management; Fire Safety; Emergency Response; Fire Drill; Environmental Aspect/Impact; Environmental Monitoring; ETP/STP; Chemical Inventory; SDS Management; Chemical Storage; Chemical Handling; Spill Response,,,,,,,,,,,,,,,,,,,,
360,Environmental Manager,HSE / Environment / Chemical / Fire,HSE / Occupational Health & Safety; Environmental Management; Chemical Management,HSE; Safety Inspection; PPE Management; Fire Safety; Emergency Response; Fire Drill; Environmental Aspect/Impact; Environmental Monitoring; ETP/STP; Chemical Inventory; SDS Management; Chemical Storage; Chemical Handling; Spill Response,,,,,,,,,,,,,,,,,,,,
361,Environmental Officer,HSE / Environment / Chemical / Fire,HSE / Occupational Health & Safety; Environmental Management; Chemical Management,HSE; Safety Inspection; PPE Management; Fire Safety; Emergency Response; Fire Drill; Environmental Aspect/Impact; Environmental Monitoring; ETP/STP; Chemical Inventory; SDS Management; Chemical Storage; Chemical Handling; Spill Response,,,,,,,,,,,,,,,,,,,,
362,Sustainability Officer,HSE / Environment / Chemical / Fire,HSE / Occupational Health & Safety; Environmental Management; Chemical Management,HSE; Safety Inspection; PPE Management; Fire Safety; Emergency Response; Fire Drill; Environmental Aspect/Impact; Environmental Monitoring; ETP/STP; Chemical Inventory; SDS Management; Chemical Storage; Chemical Handling; Spill Response,,,,,,,,,,,,,,,,,,,,
363,Waste Management Officer,HSE / Environment / Chemical / Fire,HSE / Occupational Health & Safety; Environmental Management; Chemical Management,HSE; Safety Inspection; PPE Management; Fire Safety; Emergency Response; Fire Drill; Environmental Aspect/Impact; Environmental Monitoring; ETP/STP; Chemical Inventory; SDS Management; Chemical Storage; Chemical Handling; Spill Response,,,,,,,,,,,,,,,,,,,,
364,Chemical Management Officer,HSE / Environment / Chemical / Fire,HSE / Occupational Health & Safety; Environmental Management; Chemical Management,HSE; Safety Inspection; PPE Management; Fire Safety; Emergency Response; Fire Drill; Environmental Aspect/Impact; Environmental Monitoring; ETP/STP; Chemical Inventory; SDS Management; Chemical Storage; Chemical Handling; Spill Response,,,,,,,,,,,,,,,,,,,,
365,Chemical Safety Officer,HSE / Environment / Chemical / Fire,HSE / Occupational Health & Safety; Environmental Management; Chemical Management,HSE; Safety Inspection; PPE Management; Fire Safety; Emergency Response; Fire Drill; Environmental Aspect/Impact; Environmental Monitoring; ETP/STP; Chemical Inventory; SDS Management; Chemical Storage; Chemical Handling; Spill Response,,,,,,,,,,,,,,,,,,,,
366,Fire Safety Manager,HSE / Environment / Chemical / Fire,HSE / Occupational Health & Safety; Environmental Management; Chemical Management,HSE; Safety Inspection; PPE Management; Fire Safety; Emergency Response; Fire Drill; Environmental Aspect/Impact; Environmental Monitoring; ETP/STP; Chemical Inventory; SDS Management; Chemical Storage; Chemical Handling; Spill Response,,,,,,,,,,,,,,,,,,,,
367,Fire Safety Officer,HSE / Environment / Chemical / Fire,HSE / Occupational Health & Safety; Environmental Management; Chemical Management,HSE; Safety Inspection; PPE Management; Fire Safety; Emergency Response; Fire Drill; Environmental Aspect/Impact; Environmental Monitoring; ETP/STP; Chemical Inventory; SDS Management; Chemical Storage; Chemical Handling; Spill Response,,,,,,,,,,,,,,,,,,,,
368,Fireman,HSE / Environment / Chemical / Fire,HSE / Occupational Health & Safety; Environmental Management; Chemical Management,HSE; Safety Inspection; PPE Management; Fire Safety; Emergency Response; Fire Drill; Environmental Aspect/Impact; Environmental Monitoring; ETP/STP; Chemical Inventory; SDS Management; Chemical Storage; Chemical Handling; Spill Response,,,,,,,,,,,,,,,,,,,,
369,Emergency Response Coordinator,HSE / Environment / Chemical / Fire,HSE / Occupational Health & Safety; Environmental Management; Chemical Management,HSE; Safety Inspection; PPE Management; Fire Safety; Emergency Response; Fire Drill; Environmental Aspect/Impact; Environmental Monitoring; ETP/STP; Chemical Inventory; SDS Management; Chemical Storage; Chemical Handling; Spill Response,,,,,,,,,,,,,,,,,,,,
370,Emergency Response Team,HSE / Environment / Chemical / Fire,HSE / Occupational Health & Safety; Environmental Management; Chemical Management,HSE; Safety Inspection; PPE Management; Fire Safety; Emergency Response; Fire Drill; Environmental Aspect/Impact; Environmental Monitoring; ETP/STP; Chemical Inventory; SDS Management; Chemical Storage; Chemical Handling; Spill Response,,,,,,,,,,,,,,,,,,,,
371,PPE Officer,HSE / Environment / Chemical / Fire,HSE / Occupational Health & Safety; Environmental Management; Chemical Management,HSE; Safety Inspection; PPE Management; Fire Safety; Emergency Response; Fire Drill; Environmental Aspect/Impact; Environmental Monitoring; ETP/STP; Chemical Inventory; SDS Management; Chemical Storage; Chemical Handling; Spill Response,,,,,,,,,,,,,,,,,,,,
372,Safety Inspector,HSE / Environment / Chemical / Fire,HSE / Occupational Health & Safety; Environmental Management; Chemical Management,HSE; Safety Inspection; PPE Management; Fire Safety; Emergency Response; Fire Drill; Environmental Aspect/Impact; Environmental Monitoring; ETP/STP; Chemical Inventory; SDS Management; Chemical Storage; Chemical Handling; Spill Response,,,,,,,,,,,,,,,,,,,,
373,Medical Manager,Medical,Medical Management,Medical Center; First Aid; Occupational Health; Childcare,,,,,,,,,,,,,,,,,,,,
374,Medical Officer,Medical,Medical Management,Medical Center; First Aid; Occupational Health; Childcare,,,,,,,,,,,,,,,,,,,,
375,Senior Medical Officer,Medical,Medical Management,Medical Center; First Aid; Occupational Health; Childcare,,,,,,,,,,,,,,,,,,,,
376,Medical Assistant,Medical,Medical Management,Medical Center; First Aid; Occupational Health; Childcare,,,,,,,,,,,,,,,,,,,,
377,Medical Asst.,Medical,Medical Management,Medical Center; First Aid; Occupational Health; Childcare,,,,,,,,,,,,,,,,,,,,
378,Nurse,Medical,Medical Management,Medical Center; First Aid; Occupational Health; Childcare,,,,,,,,,,,,,,,,,,,,
379,First Aid Officer,Medical,Medical Management,Medical Center; First Aid; Occupational Health; Childcare,,,,,,,,,,,,,,,,,,,,
380,Occupational Health Officer,Medical,Medical Management,Medical Center; First Aid; Occupational Health; Childcare,,,,,,,,,,,,,,,,,,,,
381,Store Manager,Store / Inventory / Logistics,Inventory & Store Management,Store; Store Quality; Stock Lot; Receive,,,,,,,,,,,,,,,,,,,,
382,Store In-charge,Store / Inventory / Logistics,Inventory & Store Management,Store; Store Quality; Stock Lot; Receive,,,,,,,,,,,,,,,,,,,,
383,Store Supervisor,Store / Inventory / Logistics,Inventory & Store Management,Store; Store Quality; Stock Lot; Receive,,,,,,,,,,,,,,,,,,,,
384,Senior Store Keeper,Store / Inventory / Logistics,Inventory & Store Management,Store; Store Quality; Stock Lot; Receive,,,,,,,,,,,,,,,,,,,,
385,Store Keeper,Store / Inventory / Logistics,Inventory & Store Management,Store; Store Quality; Stock Lot; Receive,,,,,,,,,,,,,,,,,,,,
386,Store Assistant,Store / Inventory / Logistics,Inventory & Store Management,Store; Store Quality; Stock Lot; Receive,,,,,,,,,,,,,,,,,,,,
387,Inventory Manager,Store / Inventory / Logistics,Inventory & Store Management,Store; Store Quality; Stock Lot; Receive,,,,,,,,,,,,,,,,,,,,
388,Inventory Officer,Store / Inventory / Logistics,Inventory & Store Management,Store; Store Quality; Stock Lot; Receive,,,,,,,,,,,,,,,,,,,,
389,Inventory Controller,Store / Inventory / Logistics,Inventory & Store Management,Store; Store Quality; Stock Lot; Receive,,,,,,,,,,,,,,,,,,,,
390,Warehouse Manager,Store / Inventory / Logistics,Inventory & Store Management,Store; Store Quality; Stock Lot; Receive,,,,,,,,,,,,,,,,,,,,
391,Warehouse Supervisor,Store / Inventory / Logistics,Inventory & Store Management,Store; Store Quality; Stock Lot; Receive,,,,,,,,,,,,,,,,,,,,
392,Warehouse Officer,Store / Inventory / Logistics,Inventory & Store Management,Store; Store Quality; Stock Lot; Receive,,,,,,,,,,,,,,,,,,,,
393,Warehouse Assistant,Store / Inventory / Logistics,Inventory & Store Management,Store; Store Quality; Stock Lot; Receive,,,,,,,,,,,,,,,,,,,,
394,Receiving Officer,Store / Inventory / Logistics,Inventory & Store Management,Store; Store Quality; Stock Lot; Receive,,,,,,,,,,,,,,,,,,,,
395,Receiving Assistant,Store / Inventory / Logistics,Inventory & Store Management,Store; Store Quality; Stock Lot; Receive,,,,,,,,,,,,,,,,,,,,
396,GRN Officer,Store / Inventory / Logistics,Inventory & Store Management,Store; Store Quality; Stock Lot; Receive,,,,,,,,,,,,,,,,,,,,
397,Issue Man,Store / Inventory / Logistics,Inventory & Store Management,Store; Store Quality; Stock Lot; Receive,,,,,,,,,,,,,,,,,,,,
398,Assistant Issue Man,Store / Inventory / Logistics,Inventory & Store Management,Store; Store Quality; Stock Lot; Receive,,,,,,,,,,,,,,,,,,,,
399,Stock Controller,Store / Inventory / Logistics,Inventory & Store Management,Store; Store Quality; Stock Lot; Receive,,,,,,,,,,,,,,,,,,,,
400,Stock Auditor,Store / Inventory / Logistics,Inventory & Store Management,Store; Store Quality; Stock Lot; Receive,,,,,,,,,,,,,,,,,,,,
401,Finished Goods Store Keeper,Store / Inventory / Logistics,Inventory & Store Management,Store; Store Quality; Stock Lot; Receive,,,,,,,,,,,,,,,,,,,,
402,Logistics Manager,Store / Inventory / Logistics,Inventory & Store Management,Store; Store Quality; Stock Lot; Receive,,,,,,,,,,,,,,,,,,,,
403,Logistics Officer,Store / Inventory / Logistics,Inventory & Store Management,Store; Store Quality; Stock Lot; Receive,,,,,,,,,,,,,,,,,,,,
404,Logistics Coordinator,Store / Inventory / Logistics,Inventory & Store Management,Store; Store Quality; Stock Lot; Receive,,,,,,,,,,,,,,,,,,,,
405,Dispatch Officer,Store / Inventory / Logistics,Inventory & Store Management,Store; Store Quality; Stock Lot; Receive,,,,,,,,,,,,,,,,,,,,
406,Transport Officer,Store / Inventory / Logistics,Inventory & Store Management,Store; Store Quality; Stock Lot; Receive,,,,,,,,,,,,,,,,,,,,
407,Loader Supervisor,Store / Inventory / Logistics,Inventory & Store Management,Store; Store Quality; Stock Lot; Receive,,,,,,,,,,,,,,,,,,,,
408,Loader,Store / Inventory / Logistics,Inventory & Store Management,Store; Store Quality; Stock Lot; Receive,,,,,,,,,,,,,,,,,,,,
409,CFO,Accounts / Commercial,Accounts & Finance Management; Commercial Management,Accounts & Finance; Commercial,,,,,,,,,,,,,,,,,,,,
410,Finance Manager,Accounts / Commercial,Accounts & Finance Management; Commercial Management,Accounts & Finance; Commercial,,,,,,,,,,,,,,,,,,,,
411,Accounts Manager,Accounts / Commercial,Accounts & Finance Management; Commercial Management,Accounts & Finance; Commercial,,,,,,,,,,,,,,,,,,,,
412,Senior Accounts Officer,Accounts / Commercial,Accounts & Finance Management; Commercial Management,Accounts & Finance; Commercial,,,,,,,,,,,,,,,,,,,,
413,Accounts Officer,Accounts / Commercial,Accounts & Finance Management; Commercial Management,Accounts & Finance; Commercial,,,,,,,,,,,,,,,,,,,,
414,Junior Accounts Officer,Accounts / Commercial,Accounts & Finance Management; Commercial Management,Accounts & Finance; Commercial,,,,,,,,,,,,,,,,,,,,
415,Accounts Executive,Accounts / Commercial,Accounts & Finance Management; Commercial Management,Accounts & Finance; Commercial,,,,,,,,,,,,,,,,,,,,
416,Cost Accountant,Accounts / Commercial,Accounts & Finance Management; Commercial Management,Accounts & Finance; Commercial,,,,,,,,,,,,,,,,,,,,
417,Cost Control Officer,Accounts / Commercial,Accounts & Finance Management; Commercial Management,Accounts & Finance; Commercial,,,,,,,,,,,,,,,,,,,,
418,Budget Officer,Accounts / Commercial,Accounts & Finance Management; Commercial Management,Accounts & Finance; Commercial,,,,,,,,,,,,,,,,,,,,
419,Payroll Officer,Accounts / Commercial,Accounts & Finance Management; Commercial Management,Accounts & Finance; Commercial,,,,,,,,,,,,,,,,,,,,
420,Payroll Executive,Accounts / Commercial,Accounts & Finance Management; Commercial Management,Accounts & Finance; Commercial,,,,,,,,,,,,,,,,,,,,
421,Cashier,Accounts / Commercial,Accounts & Finance Management; Commercial Management,Accounts & Finance; Commercial,,,,,,,,,,,,,,,,,,,,
422,Accounts Assistant,Accounts / Commercial,Accounts & Finance Management; Commercial Management,Accounts & Finance; Commercial,,,,,,,,,,,,,,,,,,,,
423,Commercial Manager,Accounts / Commercial,Accounts & Finance Management; Commercial Management,Accounts & Finance; Commercial,,,,,,,,,,,,,,,,,,,,
424,Senior Commercial Officer,Accounts / Commercial,Accounts & Finance Management; Commercial Management,Accounts & Finance; Commercial,,,,,,,,,,,,,,,,,,,,
425,Commercial Officer,Accounts / Commercial,Accounts & Finance Management; Commercial Management,Accounts & Finance; Commercial,,,,,,,,,,,,,,,,,,,,
426,Commercial Executive,Accounts / Commercial,Accounts & Finance Management; Commercial Management,Accounts & Finance; Commercial,,,,,,,,,,,,,,,,,,,,
427,Export Manager,Accounts / Commercial,Accounts & Finance Management; Commercial Management,Accounts & Finance; Commercial,,,,,,,,,,,,,,,,,,,,
428,Export Officer,Accounts / Commercial,Accounts & Finance Management; Commercial Management,Accounts & Finance; Commercial,,,,,,,,,,,,,,,,,,,,
429,Import Manager,Accounts / Commercial,Accounts & Finance Management; Commercial Management,Accounts & Finance; Commercial,,,,,,,,,,,,,,,,,,,,
430,Import Officer,Accounts / Commercial,Accounts & Finance Management; Commercial Management,Accounts & Finance; Commercial,,,,,,,,,,,,,,,,,,,,
431,Shipping Officer,Accounts / Commercial,Accounts & Finance Management; Commercial Management,Accounts & Finance; Commercial,,,,,,,,,,,,,,,,,,,,
432,Shipping Executive,Accounts / Commercial,Accounts & Finance Management; Commercial Management,Accounts & Finance; Commercial,,,,,,,,,,,,,,,,,,,,
433,Documentation Officer,Accounts / Commercial,Accounts & Finance Management; Commercial Management,Accounts & Finance; Commercial,,,,,,,,,,,,,,,,,,,,
434,Customs Coordinator,Accounts / Commercial,Accounts & Finance Management; Commercial Management,Accounts & Finance; Commercial,,,,,,,,,,,,,,,,,,,,
435,Bond Officer,Accounts / Commercial,Accounts & Finance Management; Commercial Management,Accounts & Finance; Commercial,,,,,,,,,,,,,,,,,,,,
436,IT Director,IT / Security / MIS,IT & Information Security Management,System; Security,,,,,,,,,,,,,,,,,,,,
437,IT Manager,IT / Security / MIS,IT & Information Security Management,System; Security,,,,,,,,,,,,,,,,,,,,
438,System Administrator,IT / Security / MIS,IT & Information Security Management,System; Security,,,,,,,,,,,,,,,,,,,,
439,Senior System Administrator,IT / Security / MIS,IT & Information Security Management,System; Security,,,,,,,,,,,,,,,,,,,,
440,Network Administrator,IT / Security / MIS,IT & Information Security Management,System; Security,,,,,,,,,,,,,,,,,,,,
441,Database Administrator,IT / Security / MIS,IT & Information Security Management,System; Security,,,,,,,,,,,,,,,,,,,,
442,Information Security Manager,IT / Security / MIS,IT & Information Security Management,System; Security,,,,,,,,,,,,,,,,,,,,
443,Information Security Officer,IT / Security / MIS,IT & Information Security Management,System; Security,,,,,,,,,,,,,,,,,,,,
444,Cybersecurity Officer,IT / Security / MIS,IT & Information Security Management,System; Security,,,,,,,,,,,,,,,,,,,,
445,IT Support Manager,IT / Security / MIS,IT & Information Security Management,System; Security,,,,,,,,,,,,,,,,,,,,
446,IT Support Officer,IT / Security / MIS,IT & Information Security Management,System; Security,,,,,,,,,,,,,,,,,,,,
447,IT Support Executive,IT / Security / MIS,IT & Information Security Management,System; Security,,,,,,,,,,,,,,,,,,,,
448,Software Engineer,IT / Security / MIS,IT & Information Security Management,System; Security,,,,,,,,,,,,,,,,,,,,
449,Full Stack Developer,IT / Security / MIS,IT & Information Security Management,System; Security,,,,,,,,,,,,,,,,,,,,
450,Frontend Developer,IT / Security / MIS,IT & Information Security Management,System; Security,,,,,,,,,,,,,,,,,,,,
451,Backend Developer,IT / Security / MIS,IT & Information Security Management,System; Security,,,,,,,,,,,,,,,,,,,,
452,Mobile App Developer,IT / Security / MIS,IT & Information Security Management,System; Security,,,,,,,,,,,,,,,,,,,,
453,Data Engineer,IT / Security / MIS,IT & Information Security Management,System; Security,,,,,,,,,,,,,,,,,,,,
454,Data Entry Operator,IT / Security / MIS,IT & Information Security Management,System; Security,,,,,,,,,,,,,,,,,,,,
455,System Operator,IT / Security / MIS,IT & Information Security Management,System; Security,,,,,,,,,,,,,,,,,,,,
456,MIS Manager,IT / Security / MIS,IT & Information Security Management,System; Security,,,,,,,,,,,,,,,,,,,,
457,MIS Officer,IT / Security / MIS,IT & Information Security Management,System; Security,,,,,,,,,,,,,,,,,,,,
458,BI Analyst,IT / Security / MIS,IT & Information Security Management,System; Security,,,,,,,,,,,,,,,,,,,,
459,Data Analyst,IT / Security / MIS,IT & Information Security Management,System; Security,,,,,,,,,,,,,,,,,,,,
460,KPI Analyst,IT / Security / MIS,IT & Information Security Management,System; Security,,,,,,,,,,,,,,,,,,,,
461,Security Manager,IT / Security / MIS,IT & Information Security Management,System; Security,,,,,,,,,,,,,,,,,,,,
462,Security Supervisor,IT / Security / MIS,IT & Information Security Management,System; Security,,,,,,,,,,,,,,,,,,,,
463,Security Officer,IT / Security / MIS,IT & Information Security Management,System; Security,,,,,,,,,,,,,,,,,,,,
464,Security Guard,IT / Security / MIS,IT & Information Security Management,System; Security,,,,,,,,,,,,,,,,,,,,
465,Junior Security Guard,IT / Security / MIS,IT & Information Security Management,System; Security,,,,,,,,,,,,,,,,,,,,
466,CCTV Operator,IT / Security / MIS,IT & Information Security Management,System; Security,,,,,,,,,,,,,,,,,,,,
467,Access Control Officer,IT / Security / MIS,IT & Information Security Management,System; Security,,,,,,,,,,,,,,,,,,,,
468,IMS Manager,Audit / Risk / IMS / Document,Internal Audit Management; Risk Management; Integrated ISO Management System; Document & Record Management,Audit; IMS / ISO Control; Document Control; Record Control; Internal Audit; External Audit; Buyer Audit; Risk Assessment; Risk Register; CAPA; Continual Improvement,,,,,,,,,,,,,,,,,,,,
469,IMS Officer,Audit / Risk / IMS / Document,Internal Audit Management; Risk Management; Integrated ISO Management System; Document & Record Management,Audit; IMS / ISO Control; Document Control; Record Control; Internal Audit; External Audit; Buyer Audit; Risk Assessment; Risk Register; CAPA; Continual Improvement,,,,,,,,,,,,,,,,,,,,
470,ISO Coordinator,Audit / Risk / IMS / Document,Internal Audit Management; Risk Management; Integrated ISO Management System; Document & Record Management,Audit; IMS / ISO Control; Document Control; Record Control; Internal Audit; External Audit; Buyer Audit; Risk Assessment; Risk Register; CAPA; Continual Improvement,,,,,,,,,,,,,,,,,,,,
471,Document Controller,Audit / Risk / IMS / Document,Internal Audit Management; Risk Management; Integrated ISO Management System; Document & Record Management,Audit; IMS / ISO Control; Document Control; Record Control; Internal Audit; External Audit; Buyer Audit; Risk Assessment; Risk Register; CAPA; Continual Improvement,,,,,,,,,,,,,,,,,,,,
472,Document Control Officer,Audit / Risk / IMS / Document,Internal Audit Management; Risk Management; Integrated ISO Management System; Document & Record Management,Audit; IMS / ISO Control; Document Control; Record Control; Internal Audit; External Audit; Buyer Audit; Risk Assessment; Risk Register; CAPA; Continual Improvement,,,,,,,,,,,,,,,,,,,,
473,Records Officer,Audit / Risk / IMS / Document,Internal Audit Management; Risk Management; Integrated ISO Management System; Document & Record Management,Audit; IMS / ISO Control; Document Control; Record Control; Internal Audit; External Audit; Buyer Audit; Risk Assessment; Risk Register; CAPA; Continual Improvement,,,,,,,,,,,,,,,,,,,,
474,Internal Audit Manager,Audit / Risk / IMS / Document,Internal Audit Management; Risk Management; Integrated ISO Management System; Document & Record Management,Audit; IMS / ISO Control; Document Control; Record Control; Internal Audit; External Audit; Buyer Audit; Risk Assessment; Risk Register; CAPA; Continual Improvement,,,,,,,,,,,,,,,,,,,,
475,Lead Auditor,Audit / Risk / IMS / Document,Internal Audit Management; Risk Management; Integrated ISO Management System; Document & Record Management,Audit; IMS / ISO Control; Document Control; Record Control; Internal Audit; External Audit; Buyer Audit; Risk Assessment; Risk Register; CAPA; Continual Improvement,,,,,,,,,,,,,,,,,,,,
476,Internal Auditor,Audit / Risk / IMS / Document,Internal Audit Management; Risk Management; Integrated ISO Management System; Document & Record Management,Audit; IMS / ISO Control; Document Control; Record Control; Internal Audit; External Audit; Buyer Audit; Risk Assessment; Risk Register; CAPA; Continual Improvement,,,,,,,,,,,,,,,,,,,,
477,Audit Officer,Audit / Risk / IMS / Document,Internal Audit Management; Risk Management; Integrated ISO Management System; Document & Record Management,Audit; IMS / ISO Control; Document Control; Record Control; Internal Audit; External Audit; Buyer Audit; Risk Assessment; Risk Register; CAPA; Continual Improvement,,,,,,,,,,,,,,,,,,,,
478,Buyer Audit Coordinator,Audit / Risk / IMS / Document,Internal Audit Management; Risk Management; Integrated ISO Management System; Document & Record Management,Audit; IMS / ISO Control; Document Control; Record Control; Internal Audit; External Audit; Buyer Audit; Risk Assessment; Risk Register; CAPA; Continual Improvement,,,,,,,,,,,,,,,,,,,,
479,External Audit Coordinator,Audit / Risk / IMS / Document,Internal Audit Management; Risk Management; Integrated ISO Management System; Document & Record Management,Audit; IMS / ISO Control; Document Control; Record Control; Internal Audit; External Audit; Buyer Audit; Risk Assessment; Risk Register; CAPA; Continual Improvement,,,,,,,,,,,,,,,,,,,,
480,Risk Manager,Audit / Risk / IMS / Document,Internal Audit Management; Risk Management; Integrated ISO Management System; Document & Record Management,Audit; IMS / ISO Control; Document Control; Record Control; Internal Audit; External Audit; Buyer Audit; Risk Assessment; Risk Register; CAPA; Continual Improvement,,,,,,,,,,,,,,,,,,,,
481,Risk Officer,Audit / Risk / IMS / Document,Internal Audit Management; Risk Management; Integrated ISO Management System; Document & Record Management,Audit; IMS / ISO Control; Document Control; Record Control; Internal Audit; External Audit; Buyer Audit; Risk Assessment; Risk Register; CAPA; Continual Improvement,,,,,,,,,,,,,,,,,,,,
482,Risk Analyst,Audit / Risk / IMS / Document,Internal Audit Management; Risk Management; Integrated ISO Management System; Document & Record Management,Audit; IMS / ISO Control; Document Control; Record Control; Internal Audit; External Audit; Buyer Audit; Risk Assessment; Risk Register; CAPA; Continual Improvement,,,,,,,,,,,,,,,,,,,,
483,CAPA Coordinator,Audit / Risk / IMS / Document,Internal Audit Management; Risk Management; Integrated ISO Management System; Document & Record Management,Audit; IMS / ISO Control; Document Control; Record Control; Internal Audit; External Audit; Buyer Audit; Risk Assessment; Risk Register; CAPA; Continual Improvement,,,,,,,,,,,,,,,,,,,,
484,Continual Improvement Officer,Audit / Risk / IMS / Document,Internal Audit Management; Risk Management; Integrated ISO Management System; Document & Record Management,Audit; IMS / ISO Control; Document Control; Record Control; Internal Audit; External Audit; Buyer Audit; Risk Assessment; Risk Register; CAPA; Continual Improvement,,,,,,,,,,,,,,,,,,,,
485,Business Continuity Manager,Audit / Risk / IMS / Document,Internal Audit Management; Risk Management; Integrated ISO Management System; Document & Record Management,Audit; IMS / ISO Control; Document Control; Record Control; Internal Audit; External Audit; Buyer Audit; Risk Assessment; Risk Register; CAPA; Continual Improvement,,,,,,,,,,,,,,,,,,,,
486,Business Continuity Officer,Audit / Risk / IMS / Document,Internal Audit Management; Risk Management; Integrated ISO Management System; Document & Record Management,Audit; IMS / ISO Control; Document Control; Record Control; Internal Audit; External Audit; Buyer Audit; Risk Assessment; Risk Register; CAPA; Continual Improvement,,,,,,,,,,,,,,,,,,,,
487,Crisis Management Coordinator,Audit / Risk / IMS / Document,Internal Audit Management; Risk Management; Integrated ISO Management System; Document & Record Management,Audit; IMS / ISO Control; Document Control; Record Control; Internal Audit; External Audit; Buyer Audit; Risk Assessment; Risk Register; CAPA; Continual Improvement,,,,,,,,,,,,,,,,,,,,
488,Driver,Support / Other,Settings,Others,,,,,,,,,,,,,,,,,,,,
489,Senior Driver,Support / Other,Settings,Others,,,,,,,,,,,,,,,,,,,,
490,Junior Driver,Support / Other,Settings,Others,,,,,,,,,,,,,,,,,,,,
491,Lift Operator,Support / Other,Settings,Others,,,,,,,,,,,,,,,,,,,,
492,Cleaner,Support / Other,Settings,Others,,,,,,,,,,,,,,,,,,,,
493,Cleaner Supervisor,Support / Other,Settings,Others,,,,,,,,,,,,,,,,,,,,
494,Sweeper,Support / Other,Settings,Others,,,,,,,,,,,,,,,,,,,,
495,Cook,Support / Other,Settings,Others,,,,,,,,,,,,,,,,,,,,
496,Canteen Supervisor,Support / Other,Settings,Others,,,,,,,,,,,,,,,,,,,,
497,Canteen Boy,Support / Other,Settings,Others,,,,,,,,,,,,,,,,,,,,
498,Loader,Support / Other,Settings,Others,,,,,,,,,,,,,,,,,,,,
499,Technical In-charge,Support / Other,Settings,Others,,,,,,,,,,,,,,,,,,,,
500,Technical Supervisor,Support / Other,Settings,Others,,,,,,,,,,,,,,,,,,,,
501,Technical Officer,Support / Other,Settings,Others,,,,,,,,,,,,,,,,,,,,
502,Telephone Operator,Support / Other,Settings,Others,,,,,,,,,,,,,,,,,,,,
503,Messenger,Support / Other,Settings,Others,,,,,,,,,,,,,,,,,,,,
504,Peon,Support / Other,Settings,Others,,,,,,,,,,,,,,,,,,,,
505,Folder,Support / Other,Settings,Others,,,,,,,,,,,,,,,,,,,,
506,Folding Supervisor,Support / Other,Settings,Others,,,,,,,,,,,,,,,,,,,,
507,Asst. Bundle Man,Support / Other,Settings,Others,,,,,,,,,,,,,,,,,,,,
508,Asst. Cutter,Support / Other,Settings,Others,,,,,,,,,,,,,,,,,,,,
509,Asst. Electrician,Support / Other,Settings,Others,,,,,,,,,,,,,,,,,,,,
510,Asst. Mechanic,Support / Other,Settings,Others,,,,,,,,,,,,,,,,,,,,
511,Asst. Incharge,Support / Other,Settings,Others,,,,,,,,,,,,,,,,,,,,
512,Asst. Issue Man,Support / Other,Settings,Others,,,,,,,,,,,,,,,,,,,,
513,Asst. Lay Man,Support / Other,Settings,Others,,,,,,,,,,,,,,,,,,,,
514,Asst. Manager,Support / Other,Settings,Others,,,,,,,,,,,,,,,,,,,,
515,Asst. Merchandiser,Support / Other,Settings,Others,,,,,,,,,,,,,,,,,,,,
516,Asst. Officer,Support / Other,Settings,Others,,,,,,,,,,,,,,,,,,,,
517,Asst. Printer,Support / Other,Settings,Others,,,,,,,,,,,,,,,,,,,,
518,Asst. Production Manager,Support / Other,Settings,Others,,,,,,,,,,,,,,,,,,,,
519,Asst. Quality Incharge,Support / Other,Settings,Others,,,,,,,,,,,,,,,,,,,,
520,Asst. Receive Man,Support / Other,Settings,Others,,,,,,,,,,,,,,,,,,,,
521,Asst. Relax Man,Support / Other,Settings,Others,,,,,,,,,,,,,,,,,,,,
522,Asst. Scissor Man,Support / Other,Settings,Others,,,,,,,,,,,,,,,,,,,,
523,Asst. Supervisor,Support / Other,Settings,Others,,,,,,,,,,,,,,,,,,,,
524,Asst. Executive,Support / Other,Settings,Others,,,,,,,,,,,,,,,,,,,,
525,Asst. Mechanic Incharge,Support / Other,Settings,Others,,,,,,,,,,,,,,,,,,,,
526,Jr. Reporter,Support / Other,Settings,Others,,,,,,,,,,,,,,,,,,,,
527,Jr. Receive Man,Support / Other,Settings,Others,,,,,,,,,,,,,,,,,,,,
528,Jr. S.M.O B/T,Support / Other,Settings,Others,,,,,,,,,,,,,,,,,,,,
529,Jr. S.M.O F/D,Support / Other,Settings,Others,,,,,,,,,,,,,,,,,,,,
530,Jr. S.M.O F/L,Support / Other,Settings,Others,,,,,,,,,,,,,,,,,,,,
531,Jr. S.M.O O/L,Support / Other,Settings,Others,,,,,,,,,,,,,,,,,,,,
532,Jr. S.M.O P/M,Support / Other,Settings,Others,,,,,,,,,,,,,,,,,,,,
533,Jr. S.M.O Z/Z,Support / Other,Settings,Others,,,,,,,,,,,,,,,,,,,,
534,Jr. T.S.M.O,Support / Other,Settings,Others,,,,,,,,,,,,,,,,,,,,
535,Jr. Computer Operator,Support / Other,Settings,Others,,,,,,,,,,,,,,,,,,,,
536,Jr. E.C.O,Support / Other,Settings,Others,,,,,,,,,,,,,,,,,,,,
537,Jr. Executive,Support / Other,Settings,Others,,,,,,,,,,,,,,,,,,,,
538,Jr. Lady Guard,Support / Other,Settings,Others,,,,,,,,,,,,,,,,,,,,
539,Jr. Needle Man,Support / Other,Settings,Others,,,,,,,,,,,,,,,,,,,,
540,Jr. Plumber,Support / Other,Settings,Others,,,,,,,,,,,,,,,,,,,,
541,Jr. Poly Man,Support / Other,Settings,Others,,,,,,,,,,,,,,,,,,,,
542,Jr. Print Delivery Man,Support / Other,Settings,Others,,,,,,,,,,,,,,,,,,,,
543,Jr. Relax Man,Support / Other,Settings,Others,,,,,,,,,,,,,,,,,,,,
544,Jr. Scissor Man,Support / Other,Settings,Others,,,,,,,,,,,,,,,,,,,,
545,Jr. Spotman,Support / Other,Settings,Others,,,,,,,,,,,,,,,,,,,,
546,Jr. Sticker Man,Support / Other,Settings,Others,,,,,,,,,,,,,,,,,,,,
547,Jr. Tag Man,Support / Other,Settings,Others,,,,,,,,,,,,,,,,,,,,
548,Jr. Writer Man,Support / Other,Settings,Others,,,,,,,,,,,,,,,,,,,,
549,Sr. Cutter Man,Support / Other,Settings,Others,,,,,,,,,,,,,,,,,,,,
550,Sr. Receive Supervisor,Support / Other,Settings,Others,,,,,,,,,,,,,,,,,,,,
551,Sr. Receive Man,Support / Other,Settings,Others,,,,,,,,,,,,,,,,,,,,
552,Sr. Sample Man,Support / Other,Settings,Others,,,,,,,,,,,,,,,,,,,,
553,Sr. Sewing Supervisor,Support / Other,Settings,Others,,,,,,,,,,,,,,,,,,,,
554,Sr. G.P.Q,Support / Other,Settings,Others,,,,,,,,,,,,,,,,,,,,
555,Sr. Q.I,Support / Other,Settings,Others,,,,,,,,,,,,,,,,,,,,
556,Sr. Spotman,Support / Other,Settings,Others,,,,,,,,,,,,,,,,,,,,
557,Sr. Iron Supervisor,Support / Other,Settings,Others,,,,,,,,,,,,,,,,,,,,
558,Sr. Quality Supervisor,Support / Other,Settings,Others,,,,,,,,,,,,,,,,,,,,
559,S.S.M.O B/T,Support / Other,Settings,Others,,,,,,,,,,,,,,,,,,,,
560,S.S.M.O F/D,Support / Other,Settings,Others,,,,,,,,,,,,,,,,,,,,
561,S.S.M.O F/L,Support / Other,Settings,Others,,,,,,,,,,,,,,,,,,,,
562,S.S.M.O O/L,Support / Other,Settings,Others,,,,,,,,,,,,,,,,,,,,
563,S.S.M.O P/M,Support / Other,Settings,Others,,,,,,,,,,,,,,,,,,,,
564,S.S.M.O Z/Z,Support / Other,Settings,Others,,,,,,,,,,,,,,,,,,,,
